timestamp,ch1,ch2,ch3,peak
1751468518.5765276,351.5904,677.376,908.544,0
1751468518.65024,351.5904,600.4992,908.544,0
1751468518.7259502,362.88,600.4992,941.8752,0
1751468518.801797,374.7072,532.2239999999999,993.4848,0
1751468518.8755465,374.7072,475.23839999999996,993.4848,0
1751468518.951142,387.072,430.6176,1089.1776,0
1751468519.027065,397.82399999999996,430.6176,1221.9648,0
1751468519.1009593,408.57599999999996,402.1248,1377.3311999999999,0
1751468519.1767666,408.57599999999996,382.23359999999997,1377.3311999999999,0
1751468519.2526574,419.328,382.23359999999997,1507.4304,0
1751468519.3285117,431.1552,365.0304,1599.8976,0
1751468519.402501,431.1552,351.0528,1599.8976,0
1751468519.4790606,442.9824,351.0528,1676.7743999999998,0
1751468519.5549614,455.3472,338.1504,1740.2112,0
1751468519.6286223,455.3472,330.08639999999997,1771.9296,0
1751468519.7041934,470.4,330.08639999999997,1771.9296,0
1751468519.7800508,491.904,326.3232,1783.7567999999999,0
1751468519.8537438,520.9344,329.0112,1778.9183999999998,0
1751468519.9293826,520.9344,329.0112,1774.08,0
1751468520.005332,569.856,336.5376,1774.08,0
1751468520.0791032,627.3792,347.28959999999995,1741.2864,0
1751468520.154651,627.3792,361.8048,1688.6016,0
1751468520.230537,689.2031999999999,361.8048,1688.6016,0
1751468520.3042197,752.1024,379.5456,1627.3152,0
1751468520.3798966,825.7536,396.74879999999996,1541.8367999999998,0
1751468520.4560635,825.7536,396.74879999999996,1416.0384,0
1751468520.5298877,916.0704,413.4144,1416.0384,0
1751468520.606314,1034.8799999999999,427.9296,1273.5744,0
1751468520.6822007,1034.8799999999999,427.9296,1135.9488,0
1751468520.756026,1162.8288,444.5952,1135.9488,0
1751468520.831732,1295.0783999999999,461.26079999999996,1025.2032,0
1751468520.907693,1295.0783999999999,461.26079999999996,912.8448,0
1751468520.9814172,1414.4255999999998,476.85119999999995,778.9824,0
1751468521.0574744,1521.408,495.1296,778.9824,0
1751468521.1335435,1607.9615999999999,495.1296,622.0032,0
1751468521.2094805,1607.9615999999999,525.7728,497.81759999999997,0
1751468521.2854462,1673.5487999999998,588.1343999999999,427.9296,0
1751468521.3613856,1709.568,680.6016,427.9296,0
1751468521.4351845,1709.568,680.6016,398.89919999999995,0
1751468521.5112824,1701.504,767.1551999999999,382.23359999999997,0
1751468521.5873516,1655.808,847.7951999999999,382.23359999999997,0
1751468521.6641748,1581.6191999999999,847.7951999999999,362.88,0
1751468521.7380388,1581.6191999999999,940.2624,340.3008,0
1751468521.813879,1486.464,1078.9632,326.3232,0
1751468521.8899298,1367.6544,1078.9632,326.3232,0
1751468521.963755,1367.6544,1271.424,329.0112,0
1751468522.039619,1227.8783999999998,1449.3696,340.3008,0
1751468522.115647,1068.7487999999998,1449.3696,340.3008,0
1751468522.1894145,1068.7487999999998,1595.0592,353.7408,0
1751468522.2650983,917.1456,1695.5903999999998,370.40639999999996,0
1751468522.3410714,758.016,1695.5903999999998,396.74879999999996,0
1751468522.4148715,610.1759999999999,1753.6511999999998,396.74879999999996,0
1751468522.4905467,610.1759999999999,1779.456,421.47839999999997,0
1751468522.5668516,484.3776,1750.9632,441.3696,0
1751468522.6409733,410.18879999999996,1750.9632,458.5728,0
1751468522.7166808,410.18879999999996,1681.0752,458.5728,0
1751468522.793487,375.2448,1577.856,476.31359999999995,0
1751468522.8674667,351.5904,1577.856,491.904,0
1751468522.9431763,331.69919999999996,1450.9823999999999,491.904,0
1751468523.0192962,331.69919999999996,1279.4879999999998,510.71999999999997,0
1751468523.093304,319.33439999999996,1279.4879999999998,556.9535999999999,0
1751468523.1690807,317.72159999999997,1082.7264,683.8272,0
1751468523.245106,317.72159999999997,892.9535999999999,683.8272,0
1751468523.3189085,329.0112,892.9535999999999,825.7536,0
1751468523.3948178,347.28959999999995,716.6207999999999,905.3184,0
1751468523.4708424,347.28959999999995,563.4047999999999,905.3184,0
1751468523.5468864,370.40639999999996,453.7344,993.4848,0
1751468523.6209853,392.448,453.7344,1190.7839999999999,0
1751468523.6969106,414.4896,397.82399999999996,1457.9712,0
1751468523.7730289,414.4896,365.568,1457.9712,0
1751468523.8470218,435.45599999999996,365.568,1635.3791999999999,0
1751468523.9238658,455.3472,342.4512,1740.7487999999998,0
1751468523.9999826,455.3472,328.4736,1780.5312,0
1751468524.0737705,483.3024,328.4736,1780.5312,0
1751468524.1497078,529.536,329.54879999999997,1776.7679999999998,0
1751468524.2258346,611.7887999999999,344.60159999999996,1736.4479999999999,0
1751468524.2997544,611.7887999999999,344.60159999999996,1736.4479999999999,0
1751468524.3754623,710.1696,365.568,1656.8832,0
1751468524.4514992,813.9264,391.9104,1541.8367999999998,0
1751468524.5253572,813.9264,391.9104,1350.9887999999999,0
1751468524.6011527,951.5519999999999,415.5648,1350.9887999999999,0
1751468524.6775355,1134.8736,438.68159999999995,1149.3888,0
1751468524.7515538,1134.8736,461.79839999999996,986.496,0
1751468524.827358,1320.3455999999999,461.79839999999996,986.496,0
1751468524.9034386,1481.6255999999998,486.52799999999996,811.2384,0
1751468524.9773998,1610.6496,524.6976,601.5744,0
1751468525.0540683,1610.6496,524.6976,456.4224,0
1751468525.1306493,1689.6768,619.3152,456.4224,0
1751468525.2047381,1699.3536,744.0383999999999,401.0496,0
1751468525.280623,1699.3536,744.0383999999999,377.3952,0
1751468525.3567512,1642.368,855.8592,349.44,0
1751468525.4307082,1536.9984,989.7216,349.44,0
1751468525.506529,1389.696,989.7216,327.936,0
1751468525.5826323,1389.696,1213.9008,332.23679999999996,0
1751468525.6565616,1210.6752,1447.7567999999999,332.23679999999996,0
1751468525.7328408,1010.688,1447.7567999999999,346.21439999999996,0
1751468525.8090825,1010.688,1626.24,365.568,0
1751468525.8853455,811.2384,1733.2223999999999,397.82399999999996,0
1751468525.9594927,620.928,1782.1439999999998,397.82399999999996,0
1751468526.0356658,469.3248,1782.1439999999998,427.9296,0
1751468526.1119752,469.3248,1749.888,451.58399999999995,0
1751468526.1890175,394.59839999999997,1652.0448,473.62559999999996,0
1751468526.2633889,359.65439999999995,1652.0448,473.62559999999996,0
1751468526.3372395,359.65439999999995,1512.8064,492.9792,0
1751468526.41308,334.9248,1327.3344,519.8592,0
1751468526.4892387,318.79679999999996,1327.3344,519.8592,0
1751468526.5632966,318.79679999999996,1087.5647999999999,602.112,0
1751468526.639228,321.4848,858.5472,789.1967999999999,0
1751468526.7154338,339.7632,858.5472,896.7167999999999,0
1751468526.7896876,365.0304,656.9472,896.7167999999999,0
1751468526.8657236,365.0304,497.81759999999997,999.3983999999999,0
1751468526.9420965,391.9104,410.72639999999996,1248.3072,0
1751468527.0164416,417.1776,410.72639999999996,1248.3072,0
1751468527.0926623,417.1776,368.256,1542.3744,0
1751468527.1676137,440.2944,341.9136,1702.5792,0
1751468527.2415786,466.0992,341.9136,1776.7679999999998,0
1751468527.3183157,504.26879999999994,327.936,1776.7679999999998,0
1751468527.3945568,504.26879999999994,336.0,1783.7567999999999,0
1751468527.468599,585.4463999999999,336.0,1742.3616,0
1751468527.5449193,694.0415999999999,354.816,1650.4319999999998,0
1751468527.621209,694.0415999999999,384.38399999999996,1650.4319999999998,0
1751468527.6975281,810.7008,384.38399999999996,1497.216,0
1751468527.7716188,968.2176,411.26399999999995,1268.1984,0
1751468527.8480318,968.2176,437.60639999999995,1268.1984,0
1751468527.9243777,1180.032,462.87359999999995,1061.2223999999999,0
1751468528.0006561,1383.2448,462.87359999999995,877.3631999999999,0
1751468528.0748398,1547.7504,491.904,647.2704,0
1751468528.1507962,1547.7504,542.976,647.2704,0
1751468528.227045,1662.2592,542.976,468.2496,0
1751468528.3012254,1704.192,667.6991999999999,401.0496,0
1751468528.3771327,1704.192,798.8735999999999,375.7824,0
1751468528.4541676,1662.2592,798.8735999999999,375.7824,0
1751468528.5283482,1552.5888,927.3599999999999,344.60159999999996,0
1751468528.604233,1397.2223999999999,1132.1856,327.936,0
1751468528.6805398,1397.2223999999999,1132.1856,327.936,0
1751468528.754692,1203.6863999999998,1397.76,338.1504,0
1751468528.8306503,988.6464,1603.1232,355.3536,0
1751468528.9072661,988.6464,1603.1232,381.69599999999997,0
1751468528.9815109,773.6064,1725.696,381.69599999999997,0
1751468529.0578058,573.6192,1779.9935999999998,417.1776,0
1751468529.134177,435.45599999999996,1745.5872,443.52,0
1751468529.2109222,435.45599999999996,1745.5872,467.712,0
1751468529.2851992,378.4704,1638.0672,467.712,0
1751468529.3612096,346.75199999999995,1483.2384,488.14079999999996,0
1751468529.4375887,346.75199999999995,1483.2384,511.79519999999997,0
1751468529.5117936,324.1728,1269.2736,511.79519999999997,0
1751468529.5888374,317.18399999999997,1012.3008,589.7471999999999,0
1751468529.664715,331.16159999999996,1012.3008,783.2832,0
1751468529.7386923,331.16159999999996,780.0576,899.4047999999999,0
1751468529.8146257,355.89119999999997,581.6831999999999,899.4047999999999,0
1751468529.890949,384.38399999999996,581.6831999999999,1013.9136,0
1751468529.9653933,384.38399999999996,447.28319999999997,1288.0896,0
1751468530.0416365,411.26399999999995,387.072,1576.7808,0
1751468530.1181033,437.06879999999995,351.5904,1576.7808,0
1751468530.1923826,437.06879999999995,351.5904,1725.1583999999998,0
1751468530.2685878,461.79839999999996,331.16159999999996,1781.0687999999998,0
1751468530.3440783,499.96799999999996,330.62399999999997,1781.0687999999998,0
1751468530.4180694,580.608,330.62399999999997,1775.1552,0
1751468530.494129,580.608,348.3648,1713.3311999999999,0
1751468530.570608,692.4287999999999,375.7824,1607.424,0
1751468530.6448154,813.3888,375.7824,1607.424,0
1751468530.7217674,813.3888,404.8128,1412.8128,0
1751468530.7981896,977.3567999999999,431.1552,1175.7312,0
1751468530.8724651,1193.472,431.1552,1175.7312,0
1751468530.9484932,1399.3727999999999,458.5728,985.9584,0
1751468531.025382,1399.3727999999999,484.3776,780.5952,0
1751468531.1000457,1562.8031999999998,528.9984,551.04,0
1751468531.1742837,1671.936,528.9984,551.04,0
1751468531.2500825,1671.936,644.0448,427.392,0
1751468531.3266103,1706.8799999999999,775.7568,388.1472,0
1751468531.4010944,1651.5072,775.7568,360.19199999999995,0
1751468531.47558,1532.1599999999999,900.4799999999999,360.19199999999995,0
1751468531.549668,1532.1599999999999,1092.4032,330.62399999999997,0
1751468531.6258144,1372.4928,1092.4032,329.0112,0
1751468531.7023196,1169.8175999999999,1358.5151999999998,329.0112,0
1751468531.776582,1169.8175999999999,1574.0928,344.60159999999996,0
1751468531.8536963,954.7775999999999,1574.0928,366.1056,0
1751468531.9295585,741.8879999999999,1714.4063999999998,398.36159999999995,0
1751468532.0036938,741.8879999999999,1777.8431999999998,398.36159999999995,0
1751468532.0781345,551.04,1777.8431999999998,429.0048,0
1751468532.1545274,424.16639999999995,1758.4895999999999,454.272,0
1751468532.2310052,373.632,1656.3455999999999,476.85119999999995,0
1751468532.3052158,373.632,1511.7312,476.85119999999995,0
1751468532.3815644,342.98879999999997,1511.7312,495.6672,0
1751468532.4580703,322.0224,1320.3455999999999,530.6111999999999,0
1751468532.534575,322.0224,1072.512,530.6111999999999,0
1751468532.6089246,315.5712,1072.512,654.7968,0
1751468532.684455,330.08639999999997,837.0432,829.5168,0
1751468532.7610629,353.7408,633.8303999999999,923.5967999999999,0
1751468532.8354373,353.7408,633.8303999999999,923.5967999999999,0
1751468532.9118993,381.1584,480.6144,1073.0495999999998,0
1751468532.9884045,406.9632,402.1248,1373.0303999999999,0
1751468533.062849,406.9632,402.1248,1373.0303999999999,0
1751468533.139371,432.768,362.88,1612.8,0
1751468533.2160392,454.8096,337.0752,1740.7487999999998,0
1751468533.2904427,488.14079999999996,325.7856,1783.2192,0
1751468533.366629,488.14079999999996,325.7856,1783.2192,0
1751468533.443152,554.2656,335.4624,1770.8544,0
1751468533.517478,655.3344,355.89119999999997,1707.9551999999999,0
1751468533.5936396,655.3344,355.89119999999997,1605.2736,0
1751468533.6701899,765.0047999999999,384.92159999999996,1605.2736,0
1751468533.744555,902.0927999999999,410.18879999999996,1423.5647999999999,0
1751468533.820649,902.0927999999999,410.18879999999996,1197.2351999999998,0
1751468533.8972006,1092.4032,434.91839999999996,1197.2351999999998,0
1751468533.9715917,1296.1535999999999,460.72319999999996,1013.376,0
1751468534.0489056,1474.0991999999999,460.72319999999996,831.6672,0
1751468534.125699,1474.0991999999999,487.06559999999996,609.1007999999999,0
1751468534.2005038,1607.9615999999999,533.2991999999999,609.1007999999999,0
1751468534.2770379,1690.2143999999998,645.6576,453.7344,0
1751468534.3530731,1690.2143999999998,645.6576,398.36159999999995,0
1751468534.427286,1696.6655999999998,771.9935999999999,374.7072,0
1751468534.5014803,1630.5408,886.5024,374.7072,0
1751468534.577712,1514.4191999999998,886.5024,345.13919999999996,0
1751468534.6543741,1514.4191999999998,1045.0944,326.3232,0
1751468534.7287982,1363.8912,1289.1648,326.3232,0
1751468534.805253,1176.2687999999998,1289.1648,332.23679999999996,0
1751468534.8819208,1176.2687999999998,1509.5808,347.8272,0
1751468534.9585683,978.4319999999999,1662.7967999999998,367.1808,0
1751468535.0330365,781.1328,1662.7967999999998,367.1808,0
1751468535.1074963,597.8112,1750.4255999999998,399.43679999999995,0
1751468535.1840858,597.8112,1780.5312,426.8544,0
1751468535.261127,458.0352,1729.9968,448.89599999999996,0
1751468535.3360658,391.3728,1729.9968,448.89599999999996,0
1751468535.4125803,391.3728,1627.3152,470.9376,0
1751468535.4891841,358.57919999999996,1491.3023999999998,488.14079999999996,0
1751468535.5658164,333.84959999999995,1491.3023999999998,510.1824,0
1751468535.6407125,317.72159999999997,1306.9055999999998,510.1824,0
1751468535.714955,317.72159999999997,1079.5008,574.6944,0
1751468535.791196,317.18399999999997,1079.5008,743.5007999999999,0
1751468535.8678021,331.16159999999996,869.2991999999999,743.5007999999999,0
1751468535.9422317,331.16159999999996,679.5264,862.3104,0
1751468536.0188026,353.2032,679.5264,943.4879999999999,0
1751468536.0952957,377.9328,524.16,1099.9296,0
1751468536.1696312,377.9328,426.3168,1099.9296,0
1751468536.2459068,401.5872,380.0832,1373.568,0
1751468536.3240495,423.09119999999996,380.0832,1592.9088,0
1751468536.3986378,444.0576,351.0528,1592.9088,0
1751468536.47294,444.0576,332.23679999999996,1716.5567999999998,0
1751468536.5494063,466.6368,332.23679999999996,1774.08,0
1751468536.626151,502.11839999999995,325.7856,1777.8431999999998,0
1751468536.700697,502.11839999999995,334.3872,1777.8431999999998,0
1751468536.7769306,570.9312,334.3872,1751.5007999999998,0
1751468536.8536186,661.2479999999999,352.128,1682.6879999999999,0
1751468536.928195,756.4032,377.3952,1582.6943999999999,0
1751468537.00451,756.4032,377.3952,1582.6943999999999,0
1751468537.0823295,867.1487999999999,399.9744,1416.576,0
1751468537.157036,1020.3648,420.94079999999997,1220.8896,0
1751468537.2315054,1020.3648,442.4448,1220.8896,0
1751468537.3068025,1197.2351999999998,442.4448,1057.4592,0
1751468537.3839097,1364.4288,463.41119999999995,909.6192,0
1751468537.4594424,1506.8927999999999,486.52799999999996,730.0608,0
1751468537.535913,1506.8927999999999,486.52799999999996,730.0608,0
1751468537.6126332,1614.9504,523.0848,547.8144,0
1751468537.6872554,1684.8383999999999,604.8,439.2192,0
1751468537.7636569,1684.8383999999999,604.8,398.89919999999995,0
1751468537.8404703,1703.1167999999998,714.4703999999999,398.89919999999995,0
1751468537.9150646,1666.0223999999998,816.6143999999999,379.008,0
1751468537.989829,1586.4576,816.6143999999999,355.3536,0
1751468538.065412,1586.4576,912.3072,355.3536,0
1751468538.1423028,1480.5503999999999,1054.2336,332.23679999999996,0
1751468538.2171504,1347.2256,1256.9088,325.248,0
1751468538.2915509,1347.2256,1256.9088,334.3872,0
1751468538.365989,1196.1599999999999,1446.6816,334.3872,0
1751468538.4428983,1031.6544,1595.5967999999998,346.75199999999995,0
1751468538.5186174,872.5247999999999,1595.5967999999998,362.88,0
1751468538.5937073,872.5247999999999,1697.7407999999998,386.53439999999995,0
1751468538.6681776,714.4703999999999,1756.8768,386.53439999999995,0
1751468538.742541,570.9312,1756.8768,412.33919999999995,0
1751468538.8189914,570.9312,1783.2192,431.6928,0
1751468538.8959007,461.79839999999996,1753.6511999999998,431.6928,0
1751468538.9709234,401.0496,1753.6511999999998,449.43359999999996,0
1751468539.0475466,401.0496,1685.376,466.0992,0
1751468539.1246278,371.48159999999996,1583.7695999999999,481.6896,0
1751468539.1993954,348.9024,1471.4112,481.6896,0
1751468539.2754378,331.16159999999996,1471.4112,494.592,0
1751468539.3522885,331.16159999999996,1325.7215999999999,517.1712,0
1751468539.426938,318.25919999999996,1147.7759999999998,566.0928,0
1751468539.5017066,313.9584,1147.7759999999998,566.0928,0
1751468539.578186,313.9584,977.3567999999999,692.4287999999999,0
1751468539.6551733,323.0976,819.3023999999999,816.6143999999999,0
1751468539.730539,336.0,819.3023999999999,816.6143999999999,0
1751468539.8069541,353.7408,676.8384,887.04,0
1751468539.8839574,353.7408,552.1152,948.3263999999999,0
1751468539.958747,373.09439999999995,552.1152,1053.1584,0
1751468540.0333688,391.3728,461.79839999999996,1053.1584,0
1751468540.109453,391.3728,410.18879999999996,1241.856,0
1751468540.1863654,409.65119999999996,380.6208,1461.1968,0
1751468540.261394,425.77919999999995,380.6208,1604.1984,0
1751468540.335936,439.7568,357.50399999999996,1604.1984,0
1751468540.4103775,439.7568,340.8384,1699.3536,0
1751468540.4868355,455.3472,340.8384,1757.952,0
1751468540.5641031,473.62559999999996,330.08639999999997,1757.952,0
1751468540.6389003,473.62559999999996,325.248,1781.6064,0
1751468540.7154076,499.43039999999996,325.248,1779.456,0
1751468540.7923965,544.5888,331.16159999999996,1768.704,0
1751468540.8679037,606.9504,340.8384,1768.704,0
1751468540.9424527,606.9504,340.8384,1726.2335999999998,0
1751468541.0170116,672.0,354.2784,1671.3983999999998,0
1751468541.091601,739.7375999999999,372.01919999999996,1606.8863999999999,0
1751468541.1683152,739.7375999999999,388.6848,1606.8863999999999,0
1751468541.2453618,810.7008,388.6848,1506.8927999999999,0
1751468541.320211,894.5663999999999,405.3504,1375.7184,0
1751468541.3947384,894.5663999999999,419.8656,1375.7184,0
1751468541.469296,1002.6239999999999,419.8656,1236.48,0
1751468541.5438368,1124.6591999999998,433.84319999999997,1117.6704,0
1751468541.6186142,1242.9312,448.89599999999996,1019.2896,0
1751468541.6952798,1242.9312,448.89599999999996,1019.2896,0
1751468541.772314,1355.2895999999998,462.33599999999996,920.9087999999999,0
1751468541.8471546,1452.0575999999999,477.38879999999995,810.1632,0
1751468541.9237506,1452.0575999999999,477.38879999999995,810.1632,0
1751468542.0016484,1538.0736,494.592,681.6768,0
1751468542.0765512,1605.8111999999999,519.8592,561.7919999999999,0
1751468542.153081,1660.6463999999999,561.2543999999999,476.31359999999995,0
1751468542.2300367,1660.6463999999999,561.2543999999999,476.31359999999995,0
1751468542.304811,1695.5903999999998,630.6048,426.8544,0
1751468542.381397,1707.4176,701.0304,403.2,0
1751468542.4583628,1707.4176,701.0304,387.072,0
1751468542.5331826,1693.4399999999998,765.0047999999999,387.072,0
1751468542.6097295,1662.7967999999998,825.2159999999999,376.8576,0
1751468542.6870544,1615.4879999999998,825.2159999999999,363.9552,0
1751468542.7619123,1615.4879999999998,879.5136,347.8272,0
1751468542.838701,1559.04,949.4015999999999,347.8272,0
1751468542.9151428,1496.6784,949.4015999999999,334.9248,0
1751468542.989663,1496.6784,1039.7184,325.7856,0
1751468543.065353,1427.328,1154.2272,325.7856,0
1751468543.1402414,1342.3872,1280.0256,325.248,0
1751468543.2156084,1259.5968,1280.0256,330.62399999999997,0
1751468543.2901485,1259.5968,1390.7712,336.5376,0
1751468543.3647237,1163.904,1485.3888,336.5376,0
1751468543.439272,1071.4368,1485.3888,342.98879999999997,0
1751468543.513779,1071.4368,1573.5552,351.5904,0
1751468543.5884182,984.3456,1635.3791999999999,351.5904,0
1751468543.6650934,895.6415999999999,1635.3791999999999,359.65439999999995,0
1751468543.7425668,895.6415999999999,1686.4512,370.40639999999996,0
1751468543.817578,810.1632,1726.2335999999998,383.30879999999996,0
1751468543.8924127,727.9104,1726.2335999999998,383.30879999999996,0
1751468543.96915,651.0336,1749.888,398.89919999999995,0
1751468544.0463843,651.0336,1774.6175999999998,411.26399999999995,0
1751468544.1212475,578.4576,1782.6816,422.01599999999996,0
1751468544.1958103,516.096,1782.6816,422.01599999999996,0
1751468544.270479,516.096,1777.8431999999998,430.6176,0
1751468544.3458166,465.02399999999994,1760.6399999999999,439.7568,0
1751468544.4205484,429.0048,1760.6399999999999,439.7568,0
1751468544.4969022,404.2752,1729.4591999999998,448.35839999999996,0
1751468544.5738394,404.2752,1692.9024,455.3472,0
1751468544.6486216,389.2224,1692.9024,463.41119999999995,0
1751468544.7250948,376.8576,1652.0448,463.41119999999995,0
1751468544.802328,376.8576,1608.4992,470.4,0
1751468544.8772354,364.4928,1608.4992,476.85119999999995,0
1751468544.95184,355.3536,1561.7279999999998,482.7648,0
1751468545.028228,355.3536,1516.032,482.7648,0
1751468545.1052191,346.21439999999996,1516.032,489.21599999999995,0
1751468545.1800537,338.1504,1466.0351999999998,494.592,0
1751468545.2565665,331.69919999999996,1413.3503999999998,494.592,0
1751468545.3335774,331.69919999999996,1355.2895999999998,498.89279999999997,0
1751468545.408428,326.3232,1355.2895999999998,506.4192,0
1751468545.48501,322.0224,1294.5408,519.3216,0
1751468545.5629437,317.18399999999997,1224.6527999999998,519.3216,0
1751468545.637773,317.18399999999997,1224.6527999999998,535.9871999999999,0
1751468545.7144902,313.9584,1159.6032,552.1152,0
1751468545.7914581,313.4208,1097.7792,579.5328,0
1751468545.866607,313.4208,1097.7792,579.5328,0
1751468545.9412653,313.9584,1039.1807999999999,618.24,0
1751468546.0180304,316.64639999999997,983.2704,666.0863999999999,0
1751468546.09519,316.64639999999997,933.2736,723.6096,0
1751468546.1699634,319.33439999999996,933.2736,723.6096,0
1751468546.2465234,322.56,885.9648,770.3807999999999,0
1751468546.3234408,325.7856,840.8063999999999,798.8735999999999,0
1751468546.3981535,325.7856,840.8063999999999,798.8735999999999,0
1751468546.4727206,330.08639999999997,798.3359999999999,822.5279999999999,0
1751468546.5493991,332.77439999999996,758.5536,841.3439999999999,0
1751468546.6264179,332.77439999999996,758.5536,859.6224,0
1751468546.7011948,337.0752,722.5344,859.6224,0
1751468546.7786434,341.376,690.2783999999999,874.1375999999999,0
1751468546.8557208,346.21439999999996,690.2783999999999,888.6528,0
1751468546.9308398,346.21439999999996,659.0975999999999,903.1679999999999,0
1751468547.0055237,351.0528,630.6048,903.1679999999999,0
1751468547.0801377,354.2784,603.7248,915.5328,0
1751468547.1547875,354.2784,603.7248,926.8223999999999,0
1751468547.2294104,358.57919999999996,581.6831999999999,926.8223999999999,0
1751468547.3040457,363.4176,560.1791999999999,938.6496,0
1751468547.3807378,367.1808,560.1791999999999,950.4767999999999,0
1751468547.4577725,367.1808,541.3632,959.0784,0
1751468547.5325663,369.33119999999997,524.16,959.0784,0
1751468547.6090949,372.55679999999995,524.16,970.3679999999999,0
1751468547.6860566,372.55679999999995,510.71999999999997,983.808,0
1751468547.7608101,375.2448,498.89279999999997,983.808,0
1751468547.8374207,377.9328,498.89279999999997,996.1727999999999,0
1751468547.914581,380.0832,488.14079999999996,1012.3008,0
1751468547.9904482,380.0832,478.464,1026.2784,0
1751468548.0650878,381.1584,473.08799999999997,1026.2784,0
1751468548.1396782,382.23359999999997,473.08799999999997,1037.568,0
1751468548.2141924,382.23359999999997,467.712,1048.8576,0
1751468548.2908542,383.84639999999996,464.48639999999995,1058.5344,0
1751468548.3678892,384.38399999999996,464.48639999999995,1058.5344,0
1751468548.4426262,384.92159999999996,460.18559999999997,1065.5231999999999,0
1751468548.5172007,384.92159999999996,458.0352,1070.3616,0
1751468548.5934331,385.45919999999995,458.0352,1070.3616,0
1751468548.670375,385.99679999999995,456.96,1074.6624,0
1751468548.745129,385.99679999999995,455.3472,1074.1247999999998,0
1751468548.8216138,385.99679999999995,455.3472,1074.1247999999998,0
1751468548.8987873,386.53439999999995,455.8848,1074.1247999999998,0
1751468548.9736805,386.53439999999995,456.96,1070.8991999999998,0
1751468549.0485768,385.99679999999995,458.0352,1065.5231999999999,0
1751468549.1235573,384.92159999999996,458.0352,1059.072,0
1751468549.1990182,384.92159999999996,462.33599999999996,1059.072,0
1751468549.2736301,384.92159999999996,464.48639999999995,1051.008,0
1751468549.3481944,383.84639999999996,464.48639999999995,1043.4815999999998,0
1751468549.4227474,382.23359999999997,469.3248,1043.4815999999998,0
1751468549.4972804,382.23359999999997,476.31359999999995,1032.192,0
1751468549.5717885,381.1584,476.31359999999995,1019.2896,0
1751468549.646284,380.0832,483.84,1006.3871999999999,0
1751468549.7207735,380.0832,493.5168,1006.3871999999999,0
1751468549.7952862,378.4704,493.5168,992.9472,0
1751468549.8698053,375.7824,503.19359999999995,979.5071999999999,0
1751468549.9461417,373.09439999999995,514.4832,979.5071999999999,0
1751468550.0233765,373.09439999999995,514.4832,967.68,0
1751468550.098583,369.86879999999996,529.536,954.7775999999999,0
1751468550.1732824,366.6432,545.664,946.7135999999999,0
1751468550.2478538,366.6432,545.664,946.7135999999999,0
1751468550.322455,362.88,565.0176,935.424,0
1751468550.397722,359.11679999999996,585.9839999999999,924.6719999999999,0
1751468550.4723744,355.89119999999997,609.1007999999999,913.92,0
1751468550.5468996,355.89119999999997,609.1007999999999,913.92,0
1751468550.6214075,351.5904,634.3679999999999,901.5551999999999,0
1751468550.6970391,347.8272,662.3231999999999,889.1904,0
1751468550.7740214,347.8272,662.3231999999999,889.1904,0
1751468550.8491518,343.52639999999997,692.9663999999999,876.8255999999999,0
1751468550.9237218,338.688,724.6848,861.7728,0
1751468550.9982157,338.688,724.6848,845.1071999999999,0
1751468551.0729856,334.9248,761.2416,845.1071999999999,0
1751468551.147868,331.16159999999996,799.9488,825.7536,0
1751468551.2246804,328.4736,799.9488,804.7872,0
1751468551.301251,328.4736,842.9567999999999,804.7872,0
1751468551.3757985,324.7104,884.352,776.832,0
1751468551.4523325,322.0224,884.352,736.512,0
1751468551.5301192,322.0224,931.6608,680.064,0
1751468551.604971,318.79679999999996,981.6575999999999,680.064,0
1751468551.6814935,316.1088,1034.8799999999999,633.2927999999999,0
1751468551.758492,314.496,1034.8799999999999,592.9728,0
1751468551.8332694,314.496,1091.8655999999999,561.7919999999999,0
1751468551.9098127,315.0336,1153.6896,561.7919999999999,0
1751468551.9868424,317.72159999999997,1153.6896,544.5888,0
1751468552.0617328,317.72159999999997,1217.1263999999999,527.9232,0
1751468552.1383626,321.4848,1281.1008,527.9232,0
1751468552.215655,324.7104,1281.1008,513.408,0
1751468552.2905636,329.0112,1339.1616,503.19359999999995,0
1751468552.3651707,329.0112,1395.072,497.81759999999997,0
1751468552.4417326,334.9248,1447.7567999999999,497.81759999999997,0
1751468552.518726,341.376,1447.7567999999999,492.4416,0
1751468552.5934982,341.376,1498.8288,488.14079999999996,0
1751468552.668043,349.44,1543.9871999999998,482.7648,0
1751468552.7443404,358.04159999999996,1543.9871999999998,482.7648,0
1751468552.8213398,368.256,1586.9951999999998,477.38879999999995,0
1751468552.8961623,368.256,1629.4656,470.4,0
1751468552.9727085,379.5456,1629.4656,470.4,0
1751468553.0498111,391.9104,1675.6991999999998,463.94879999999995,0
1751468553.1247087,391.9104,1710.1055999999999,455.8848,0
1751468553.201171,406.4256,1710.1055999999999,448.89599999999996,0
1751468553.2784798,429.0048,1737.5231999999999,448.89599999999996,0
1751468553.3533497,463.41119999999995,1761.7151999999999,440.832,0
1751468553.4299202,463.41119999999995,1777.3056,432.2304,0
1751468553.5069463,510.1824,1777.3056,424.16639999999995,0
1751468553.5816584,568.7808,1781.6064,424.16639999999995,0
1751468553.6581855,568.7808,1772.4671999999998,413.952,0
1751468553.7351978,634.3679999999999,1772.4671999999998,403.2,0
1751468553.8099434,706.4064,1749.888,388.1472,0
1751468553.884546,780.0576,1726.7712,388.1472,0
1751468553.9615211,780.0576,1726.7712,374.1696,0
1751468554.0386434,860.6976,1690.752,363.4176,0
1751468554.1134818,944.0255999999999,1643.4432,363.4176,0
1751468554.1883621,944.0255999999999,1643.4432,355.89119999999997,0
1751468554.2631276,1022.5151999999999,1584.8447999999999,347.8272,0
1751468554.338033,1105.8432,1509.0431999999998,340.3008,0
1751468554.414684,1105.8432,1424.1024,340.3008,0
1751468554.491861,1194.5472,1424.1024,334.3872,0
1751468554.5667682,1279.4879999999998,1323.5711999999999,329.0112,0
1751468554.643499,1355.8272,1212.8256,325.7856,0
1751468554.7204175,1355.8272,1212.8256,325.7856,0
1751468554.7948961,1432.704,1098.3167999999998,327.3984,0
1751468554.8694966,1496.6784,999.9359999999999,336.0,0
1751468554.9440444,1496.6784,999.9359999999999,336.0,0
1751468555.0186884,1555.8144,922.5215999999999,349.44,0
1751468555.093589,1605.8111999999999,864.4608,363.4176,0
1751468555.1693258,1649.3567999999998,864.4608,376.32,0
1751468555.243984,1649.3567999999998,815.5391999999999,376.32,0
1751468555.3185177,1682.6879999999999,759.6288,385.45919999999995,0
1751468555.3933642,1699.8911999999998,704.7936,397.82399999999996,0
1751468555.4680796,1699.8911999999998,704.7936,397.82399999999996,0
1751468555.542749,1699.3536,641.3567999999999,415.0272,0
1751468555.617289,1678.9248,575.7696,445.6704,0
1751468555.6938722,1678.9248,575.7696,505.344,0
1751468555.7708848,1638.6047999999998,528.9984,505.344,0
1751468555.84565,1584.8447999999999,503.19359999999995,593.5104,0
1751468555.9221885,1520.8704,503.19359999999995,706.944,0
1751468555.9992776,1520.8704,487.06559999999996,822.5279999999999,0
1751468556.0740774,1445.0688,473.62559999999996,822.5279999999999,0
1751468556.1508718,1360.6655999999998,473.62559999999996,921.9839999999999,0
1751468556.227383,1360.6655999999998,460.18559999999997,1012.8384,0
1751468556.301969,1259.5968,447.28319999999997,1012.8384,0
1751468556.377288,1151.5392,447.28319999999997,1096.704,0
1751468556.4522228,1044.0192,435.45599999999996,1195.6224,0
1751468556.5268118,1044.0192,421.47839999999997,1313.8944,0
1751468556.603296,941.3376,408.57599999999996,1313.8944,0
1751468556.6804485,856.9344,408.57599999999996,1434.8544,0
1751468556.7553701,856.9344,396.21119999999996,1543.9871999999998,0
1751468556.8299024,787.584,381.1584,1543.9871999999998,0
1751468556.9044042,728.9856,381.1584,1620.8639999999998,0
1751468556.978865,672.0,365.0304,1676.2368,0
1751468557.0555062,672.0,351.0528,1724.0831999999998,0
1751468557.1325057,612.8639999999999,351.0528,1724.0831999999998,0
1751468557.2072804,558.5663999999999,339.7632,1763.328,0
1751468557.2820413,558.5663999999999,331.16159999999996,1775.1552,0
1751468557.358835,514.4832,331.16159999999996,1779.9935999999998,0
1751468557.4358027,486.52799999999996,325.7856,1779.9935999999998,0
1751468557.5108914,486.52799999999996,329.0112,1772.4671999999998,0
1751468557.5863004,468.7872,338.1504,1743.4368,0
1751468557.660878,453.1968,338.1504,1743.4368,0
1751468557.735438,440.2944,350.5152,1681.0752,0
1751468557.8119426,440.2944,367.7184,1595.5967999999998,0
1751468557.8889449,425.77919999999995,367.7184,1471.4112,0
1751468557.963709,411.80159999999995,389.76,1471.4112,0
1751468558.0382948,411.80159999999995,417.1776,1283.2512,0
1751468558.1151006,396.74879999999996,417.1776,1105.3056,0
1751468558.1920304,382.23359999999997,464.48639999999995,981.6575999999999,0
1751468558.2668242,365.0304,540.8256,981.6575999999999,0
1751468558.3432553,365.0304,540.8256,919.8335999999999,0
1751468558.4201672,349.44,642.432,868.7615999999999,0
1751468558.494858,333.84959999999995,758.016,868.7615999999999,0
1751468558.5696914,333.84959999999995,884.8896,807.4752,0
1751468558.644353,322.56,884.8896,703.1808,0
1751468558.7196767,315.0336,1022.5151999999999,584.9087999999999,0
1751468558.7943103,315.0336,1167.6671999999999,584.9087999999999,0
1751468558.870772,315.0336,1167.6671999999999,533.2991999999999,0
1751468558.9476979,324.7104,1317.12,505.344,0
1751468559.0225124,337.6128,1441.8432,494.592,0
1751468559.0992813,337.6128,1441.8432,494.592,0
1751468559.1762254,353.2032,1539.6863999999998,482.7648,0
1751468559.253128,371.48159999999996,1627.3152,469.3248,0
1751468559.3278446,394.0608,1627.3152,469.3248,0
1751468559.4043102,394.0608,1700.9663999999998,454.8096,0
1751468559.4811864,434.38079999999997,1755.8015999999998,440.2944,0
1751468559.5559587,509.1072,1778.3808,425.24159999999995,0
1751468559.6307418,509.1072,1778.3808,425.24159999999995,0
1751468559.7052853,615.5519999999999,1762.7903999999999,406.9632,0
1751468559.7798536,736.512,1724.6208,383.84639999999996,0
1751468559.8544014,736.512,1724.6208,383.84639999999996,0
1751468559.9318655,867.1487999999999,1657.9584,364.4928,0
1751468560.008869,998.3231999999999,1563.8783999999998,351.5904,0
1751468560.0836942,1127.8848,1563.8783999999998,339.7632,0
1751468560.160209,1127.8848,1435.3919999999998,339.7632,0
1751468560.237116,1263.8976,1284.3264,330.08639999999997,0
1751468560.311943,1381.6319999999998,1284.3264,324.1728,0
1751468560.3864033,1381.6319999999998,1112.8319999999999,331.16159999999996,0
1751468560.4625204,1484.8511999999998,973.0559999999999,331.16159999999996,0
1751468560.5393765,1569.2543999999998,875.7503999999999,349.44,0
1751468560.6140618,1636.992,875.7503999999999,370.94399999999996,0
1751468560.6910956,1636.992,804.2496,384.92159999999996,0
1751468560.7669191,1683.7631999999999,725.2224,384.92159999999996,0
1751468560.841479,1701.504,725.2224,402.6624,0
1751468560.9160526,1701.504,640.8191999999999,435.45599999999996,0
1751468560.9905622,1680.0,558.0287999999999,435.45599999999996,0
1751468561.0659976,1626.24,558.0287999999999,512.8704,0
1751468561.1415677,1549.3632,511.79519999999997,641.8943999999999,0
1751468561.2162237,1549.3632,486.52799999999996,796.7231999999999,0
1751468561.2928178,1453.1327999999999,486.52799999999996,796.7231999999999,0
1751468561.369832,1334.3231999999998,469.3248,928.4351999999999,0
1751468561.444601,1334.3231999999998,452.6592,1042.4063999999998,0
1751468561.521106,1200.4607999999998,452.6592,1042.4063999999998,0
1751468561.5980592,1062.2975999999999,434.91839999999996,1162.2912,0
1751468561.6728005,1062.2975999999999,418.2528,1307.9807999999998,0
1751468561.7475846,930.5855999999999,401.5872,1460.6591999999998,0
1751468561.8222094,828.4416,401.5872,1460.6591999999998,0
1751468561.8967934,748.3392,384.38399999999996,1582.6943999999999,0
1751468561.971393,748.3392,363.4176,1660.6463999999999,0
1751468562.045964,676.8384,363.4176,1720.32,0
1751468562.1205144,605.8752,346.21439999999996,1720.32,0
1751468562.19722,605.8752,334.3872,1763.328,0
1751468562.274307,540.288,334.3872,1771.9296,0
1751468562.3498762,495.1296,325.7856,1771.9296,0
1751468562.4244676,469.3248,326.3232,1774.08,0
1751468562.499081,469.3248,326.3232,1746.6624,0
1751468562.5739863,451.04639999999995,337.6128,1680.5375999999999,0
1751468562.6506343,435.99359999999996,351.5904,1680.5375999999999,0
1751468562.7276816,435.99359999999996,373.09439999999995,1578.3935999999999,0
1751468562.8032305,419.8656,373.09439999999995,1423.5647999999999,0
1751468562.8777814,404.2752,399.9744,1423.5647999999999,0
1751468562.9524217,404.2752,443.52,1206.3744,0
1751468563.0269861,387.6096,443.52,1031.6544,0
1751468563.1015766,370.40639999999996,521.472,938.6496,0
1751468563.1782944,352.128,633.8303999999999,938.6496,0
1751468563.2551901,352.128,633.8303999999999,882.2016,0
1751468563.329929,334.3872,762.8543999999999,815.5391999999999,0
1751468563.4064865,322.56,906.9312,699.9552,0
1751468563.4833815,322.56,906.9312,699.9552,0
1751468563.5588627,314.496,1061.2223999999999,575.7696,0
1751468563.6334012,317.18399999999997,1226.8031999999998,524.16,0
1751468563.707899,327.936,1226.8031999999998,524.16,0
1751468563.782349,327.936,1378.944,499.96799999999996,0
1751468563.8572032,342.4512,1499.904,487.06559999999996,0
1751468563.9318705,361.8048,1598.8223999999998,475.23839999999996,0
1751468564.00854,361.8048,1598.8223999999998,475.23839999999996,0
1751468564.0855799,384.92159999999996,1685.376,459.11039999999997,0
1751468564.1604104,419.8656,1744.512,444.5952,0
1751468564.2368665,487.60319999999996,1744.512,427.9296,0
1751468564.3138106,487.60319999999996,1775.1552,427.9296,0
1751468564.3885636,592.9728,1763.328,410.72639999999996,0
1751468564.4634962,719.8463999999999,1763.328,388.1472,0
1751468564.538099,719.8463999999999,1721.9327999999998,388.1472,0
1751468564.6126904,854.2464,1654.1951999999999,366.6432,0
1751468564.6880298,991.872,1654.1951999999999,352.6656,0
1751468564.7625916,991.872,1553.664,341.376,0
1751468564.83711,1126.8095999999998,1421.952,341.376,0
1751468564.9123623,1268.1984,1421.952,330.62399999999997,0
1751468564.9869583,1388.0831999999998,1261.7472,326.3232,0
1751468565.063677,1388.0831999999998,1089.1776,326.3232,0
1751468565.1407125,1489.6896,956.928,332.23679999999996,0
1751468565.215498,1577.856,956.928,350.5152,0
1751468565.2919917,1577.856,866.0735999999999,370.94399999999996,0
1751468565.3688781,1645.5936,792.4223999999999,370.94399999999996,0
1751468565.4436004,1690.2143999999998,792.4223999999999,384.92159999999996,0
1751468565.5200274,1703.1167999999998,711.2447999999999,404.8128,0
1751468565.5969052,1703.1167999999998,624.1536,438.14399999999995,0
1751468565.6716435,1678.9248,624.1536,438.14399999999995,0
1751468565.7480576,1623.552,545.1264,516.096,0
1751468565.8250349,1623.552,505.344,643.5072,0
1751468565.9006057,1543.9871999999998,482.7648,643.5072,0
1751468565.9755442,1447.2192,482.7648,795.1103999999999,0
1751468566.050317,1330.56,465.5616,925.2095999999999,0
1751468566.1248713,1330.56,449.43359999999996,1035.9551999999999,0
1751468566.199482,1200.9984,449.43359999999996,1035.9551999999999,0
1751468566.2739978,1067.136,433.30559999999997,1148.3136,0
1751468566.3484993,1067.136,418.7904,1287.552,0
1751468566.4229598,939.1872,418.7904,1435.3919999999998,0
1751468566.4973986,839.7312,402.6624,1435.3919999999998,0
1751468566.5719142,839.7312,385.99679999999995,1560.1152,0
1751468566.6463554,761.7792,385.99679999999995,1640.7551999999998,0
1751468566.7229505,694.0415999999999,367.1808,1640.7551999999998,0
1751468566.7998555,627.3792,349.9776,1699.8911999999998,0
1751468566.8745444,627.3792,349.9776,1750.9632,0
1751468566.9489987,564.48,338.1504,1777.3056,0
1751468567.025673,513.9456,329.54879999999997,1777.3056,0
1751468567.1041517,513.9456,325.7856,1778.3808,0
1751468567.1791003,484.3776,325.7856,1771.9296,0
1751468567.253656,463.41119999999995,332.23679999999996,1771.9296,0
1751468567.3281329,463.41119999999995,343.52639999999997,1735.9104,0
1751468567.4026535,448.35839999999996,343.52639999999997,1666.0223999999998,0
1751468567.477142,433.30559999999997,359.11679999999996,1567.1039999999998,0
1751468567.5516193,418.7904,380.0832,1567.1039999999998,0
1751468567.6260355,418.7904,380.0832,1419.8016,0
1751468567.700544,403.2,405.888,1220.3519999999999,0
1751468567.774962,387.6096,447.82079999999996,1220.3519999999999,0
1751468567.8493996,387.6096,447.82079999999996,1053.696,0
1751468567.9239736,372.01919999999996,517.7088,953.7023999999999,0
1751468567.9985213,355.89119999999997,614.4767999999999,901.0175999999999,0
1751468568.0733693,355.89119999999997,614.4767999999999,901.0175999999999,0
1751468568.148134,340.3008,725.76,848.8703999999999,0
1751468568.2246664,327.3984,849.4079999999999,781.6704,0
1751468568.3025482,318.79679999999996,849.4079999999999,660.7103999999999,0
1751468568.3773344,318.79679999999996,979.5071999999999,660.7103999999999,0
1751468568.4518561,313.4208,1117.6704,564.48,0
1751468568.5278416,318.25919999999996,1260.1344,524.16,0
1751468568.604685,318.25919999999996,1260.1344,524.16,0
1751468568.6794562,327.3984,1388.6208,501.58079999999995,0
1751468568.755932,339.7632,1490.7648,491.36639999999994,0
1751468568.8328,354.816,1490.7648,481.152,0
1751468568.9075518,354.816,1575.7056,481.152,0
1751468568.9820664,372.55679999999995,1654.1951999999999,469.3248,0
1751468569.0567274,394.0608,1654.1951999999999,456.96,0
1751468569.1315691,394.0608,1714.944,456.96,0
1751468569.2061555,428.4672,1760.1024,445.1328,0
1751468569.2811217,489.21599999999995,1760.1024,430.6176,0
1751468569.3557167,489.21599999999995,1778.9183999999998,416.64,0
1751468569.432259,575.232,1768.704,416.64,0
1751468569.5104744,676.8384,1768.704,399.9744,0
1751468569.585648,784.3584,1738.0608,379.008,0
1751468569.660213,784.3584,1692.9024,363.9552,0
1751468569.7347198,895.6415999999999,1625.7024,363.9552,0
1751468569.8092144,1005.8495999999999,1625.7024,352.6656,0
1751468569.8836877,1005.8495999999999,1535.9232,342.98879999999997,0
1751468569.9581454,1114.4448,1427.328,342.98879999999997,0
1751468570.0327861,1226.2656,1427.328,334.9248,0
1751468570.1073694,1324.6463999999999,1304.2176,327.936,0
1751468570.1847167,1324.6463999999999,1164.9792,324.7104,0
1751468570.2604742,1416.576,1164.9792,324.7104,0
1751468570.3349552,1493.4527999999998,1037.568,330.62399999999997,0
1751468570.4094043,1493.4527999999998,942.9504,344.06399999999996,0
1751468570.4859364,1561.1904,942.9504,344.06399999999996,0
1751468570.5629678,1617.6383999999998,874.6751999999999,361.2672,0
1751468570.6384742,1665.4848,819.3023999999999,375.7824,0
1751468570.712999,1665.4848,819.3023999999999,384.92159999999996,0
1751468570.7875452,1693.4399999999998,761.2416,384.92159999999996,0
1751468570.8620174,1703.6544,699.9552,398.36159999999995,0
1751468570.9386585,1703.6544,634.9055999999999,416.64,0
1751468571.015725,1693.4399999999998,634.9055999999999,450.50879999999995,0
1751468571.0905492,1663.3344,569.856,450.50879999999995,0
1751468571.167089,1663.3344,527.3856,512.8704,0
1751468571.2447047,1617.6383999999998,527.3856,601.0368,0
1751468571.319584,1563.8783999999998,503.19359999999995,601.0368,0
1751468571.3960416,1497.216,485.99039999999997,709.632,0
1751468571.4729087,1497.216,485.99039999999997,816.0767999999999,0
1751468571.547652,1422.4895999999999,474.16319999999996,908.544,0
1751468571.6240633,1340.7744,462.87359999999995,908.544,0
1751468571.7008965,1340.7744,451.04639999999995,988.1088,0
1751468571.7756915,1249.9199999999998,451.04639999999995,1063.3727999999999,0
1751468571.853104,1157.9904,440.2944,1142.3999999999999,0
1751468571.930072,1066.0608,429.5424,1142.3999999999999,0
1751468572.004909,1066.0608,429.5424,1235.9424,0
1751468572.0816457,977.3567999999999,418.2528,1335.3983999999998,0
1751468572.1586354,899.4047999999999,408.57599999999996,1434.3167999999998,0
1751468572.2333596,899.4047999999999,408.57599999999996,1434.3167999999998,0
1751468572.3081753,835.4304,396.74879999999996,1523.5584,0
1751468572.3828335,783.2832,385.99679999999995,1591.8336,0
1751468572.4573567,737.0495999999999,385.99679999999995,1591.8336,0
1751468572.5318537,737.0495999999999,373.632,1639.1424,0
1751468572.6063035,692.9663999999999,361.8048,1681.6127999999999,0
1751468572.6807528,649.9584,361.8048,1714.944,0
1751468572.7573893,649.9584,351.0528,1714.944,0
1751468572.8339465,607.4879999999999,342.4512,1746.1247999999998,0
1751468572.90849,568.2432,336.0,1770.3167999999998,0
1751468572.9848998,568.2432,336.0,1770.3167999999998,0
1751468573.0636349,533.2991999999999,330.08639999999997,1777.3056,0
1751468573.1385646,506.9568,325.7856,1777.3056,0
1751468573.2132044,488.14079999999996,325.7856,1782.6816,0
1751468573.2876859,488.14079999999996,325.248,1782.6816,0
1751468573.3626897,475.77599999999995,328.4736,1773.0048,0
1751468573.4392123,462.87359999999995,328.4736,1755.8015999999998,0
1751468573.5160987,462.87359999999995,333.84959999999995,1728.3839999999998,0
1751468573.5908473,454.272,341.376,1728.3839999999998,0
1751468573.6674643,444.5952,341.376,1691.8272,0
1751468573.7442176,437.60639999999995,348.9024,1644.5184,0
1751468573.8187008,437.60639999999995,358.04159999999996,1644.5184,0
1751468573.8931923,429.0048,369.86879999999996,1584.3072,0
1751468573.9677367,420.94079999999997,369.86879999999996,1518.7199999999998,0
1751468574.0423076,420.94079999999997,382.23359999999997,1434.8544,0
1751468574.116804,413.4144,395.67359999999996,1434.8544,0
1751468574.193069,405.888,395.67359999999996,1323.5711999999999,0
1751468574.2709131,397.28639999999996,410.18879999999996,1221.9648,0
1751468574.345672,397.28639999999996,430.08,1126.272,0
1751468574.422754,389.76,430.08,1126.272,0
1751468574.4985764,382.23359999999997,456.4224,1051.008,0
1751468574.5731792,382.23359999999997,490.29119999999995,991.872,0
1751468574.6476781,374.1696,490.29119999999995,991.872,0
1751468574.722097,367.1808,531.6863999999999,954.2399999999999,0
1751468574.796619,367.1808,577.92,930.0479999999999,0
1751468574.8710973,358.04159999999996,577.92,906.9312,0
1751468574.9456532,351.5904,627.3792,906.9312,0
1751468575.020199,342.98879999999997,680.6016,882.7392,0
1751468575.0947907,342.98879999999997,733.824,859.6224,0
1751468575.170697,336.5376,733.824,859.6224,0
1751468575.2475302,331.16159999999996,788.6591999999999,830.592,0
1751468575.3222446,331.16159999999996,843.4943999999999,802.0992,0
1751468575.396815,325.7856,843.4943999999999,765.5423999999999,0
1751468575.4724808,321.4848,898.8671999999999,765.5423999999999,0
1751468575.5470927,318.25919999999996,956.3903999999999,707.4816,0
1751468575.6216707,318.25919999999996,956.3903999999999,651.0336,0
1751468575.696166,315.5712,1010.688,651.0336,0
1751468575.7705855,313.9584,1064.9856,606.4128,0
1751468575.845034,313.9584,1064.9856,569.856,0
1751468575.9195478,313.9584,1119.8208,548.8896,0
1751468575.9962623,315.0336,1172.5056,548.8896,0
1751468576.0733113,315.0336,1172.5056,536.5247999999999,0
1751468576.1480823,318.79679999999996,1227.8783999999998,523.6224,0
1751468576.2225277,322.0224,1278.9504,513.408,0
1751468576.2978773,325.248,1325.7215999999999,513.408,0
1751468576.3748126,325.248,1325.7215999999999,505.8816,0
1751468576.4494977,329.54879999999997,1366.5792,501.58079999999995,0
1751468576.5243986,331.69919999999996,1408.512,501.58079999999995,0
1751468576.5989869,331.69919999999996,1408.512,498.35519999999997,0
1751468576.6742983,335.4624,1438.08,495.1296,0
1751468576.748791,339.7632,1469.2608,492.4416,0
1751468576.8232524,339.7632,1469.2608,492.4416,0
1751468576.8977203,344.60159999999996,1496.6784,489.75359999999995,0
1751468576.9723284,348.9024,1523.5584,487.06559999999996,0
1751468577.0489037,353.7408,1523.5584,487.06559999999996,0
1751468577.1258678,353.7408,1547.2128,484.3776,0
1751468577.200619,358.57919999999996,1569.2543999999998,482.2272,0
1751468577.2771258,362.88,1569.2543999999998,478.464,0
1751468577.3540387,362.88,1588.0703999999998,478.464,0
1751468577.4287832,367.1808,1609.0367999999999,475.77599999999995,0
1751468577.50522,371.48159999999996,1626.24,472.01279999999997,0
1751468577.5828233,376.32,1626.24,469.3248,0
1751468577.6576474,376.32,1641.2928,469.3248,0
1751468577.7322094,380.0832,1655.2703999999999,466.0992,0
1751468577.8074658,383.84639999999996,1655.2703999999999,463.94879999999995,0
1751468577.881995,383.84639999999996,1668.1727999999998,463.94879999999995,0
1751468577.956592,387.6096,1680.0,461.26079999999996,0
1751468578.0311575,390.8352,1680.0,459.11039999999997,0
1751468578.1077666,390.8352,1688.0639999999999,458.5728,0
1751468578.1846285,394.59839999999997,1699.3536,458.5728,0
1751468578.2593825,397.82399999999996,1699.3536,455.8848,0
1751468578.3358362,401.0496,1709.0303999999999,454.272,0
1751468578.4127047,401.0496,1717.0944,453.1968,0
1751468578.4874706,404.8128,1725.1583999999998,453.1968,0
1751468578.5639384,409.11359999999996,1725.1583999999998,451.58399999999995,0
1751468578.641163,409.11359999999996,1727.3087999999998,450.50879999999995,0
1751468578.7160153,412.8768,1729.9968,450.50879999999995,0
1751468578.7926347,416.1024,1729.9968,449.43359999999996,0
1751468578.8696325,420.40319999999997,1735.9104,448.89599999999996,0
1751468578.9445164,420.40319999999997,1739.6735999999999,448.35839999999996,0
1751468579.0199318,423.09119999999996,1739.6735999999999,448.35839999999996,0
1751468579.0947976,425.24159999999995,1743.4368,446.74559999999997,0
1751468579.1694217,425.24159999999995,1745.5872,446.74559999999997,0
1751468579.244019,427.9296,1745.5872,446.74559999999997,0
1751468579.3206422,428.4672,1745.0495999999998,445.1328,0
1751468579.397643,429.5424,1747.7376,444.5952,0
1751468579.4723864,429.5424,1746.6624,444.5952,0
1751468579.5488043,430.08,1746.6624,444.5952,0
1751468579.6257536,430.6176,1745.0495999999998,444.0576,0
1751468579.7008562,430.6176,1744.512,444.0576,0
1751468579.77555,429.0048,1744.512,444.5952,0
1751468579.8520339,427.9296,1741.8239999999998,444.5952,0
1751468579.9289384,426.3168,1740.7487999999998,445.1328,0
1751468580.0037262,426.3168,1740.7487999999998,446.20799999999997,0
1751468580.0803273,424.16639999999995,1738.0608,446.74559999999997,0
1751468580.1572523,421.47839999999997,1737.5231999999999,446.74559999999997,0
1751468580.232884,421.47839999999997,1737.5231999999999,447.28319999999997,0
1751468580.3074653,418.2528,1732.1471999999999,447.82079999999996,0
1751468580.3820093,415.0272,1729.9968,447.82079999999996,0
1751468580.4565,411.26399999999995,1725.1583999999998,448.89599999999996,0
1751468580.5329301,411.26399999999995,1725.1583999999998,451.04639999999995,0
1751468580.6098554,407.50079999999997,1724.6208,452.6592,0
1751468580.684607,404.2752,1717.6319999999998,452.6592,0
1751468580.7594056,404.2752,1717.6319999999998,453.7344,0
1751468580.8340118,400.512,1711.1807999999999,455.3472,0
1751468580.9085622,396.21119999999996,1702.0415999999998,455.3472,0
1751468580.9831038,396.21119999999996,1702.0415999999998,458.0352,0
1751468581.0599449,393.5232,1691.2895999999998,461.26079999999996,0
1751468581.1370957,389.76,1682.6879999999999,461.26079999999996,0
1751468581.211632,386.53439999999995,1682.6879999999999,461.26079999999996,0
1751468581.2861102,386.53439999999995,1671.3983999999998,463.41119999999995,0
1751468581.3623247,383.30879999999996,1654.7328,466.6368,0
1751468581.440202,379.008,1654.7328,468.7872,0
1751468581.51526,379.008,1640.2176,468.7872,0
1751468581.5896935,374.7072,1624.6272,471.4752,0
1751468581.6641865,370.40639999999996,1608.4992,473.62559999999996,0
1751468581.7386703,366.1056,1608.4992,473.62559999999996,0
1751468581.8134093,366.1056,1590.7584,476.85119999999995,0
1751468581.8902776,362.3424,1568.7168,480.6144,0
1751468581.9664533,357.50399999999996,1568.7168,482.7648,0
1751468582.0410428,357.50399999999996,1549.9008,482.7648,0
1751468582.1157675,352.6656,1527.3216,486.52799999999996,0
1751468582.1924748,348.9024,1527.3216,488.14079999999996,0
1751468582.2695212,348.9024,1505.8175999999999,491.904,0
1751468582.3443303,344.60159999999996,1479.4751999999999,491.904,0
1751468582.420854,340.3008,1479.4751999999999,494.0544,0
1751468582.4978728,337.0752,1451.52,496.7424,0
1751468582.5726557,337.0752,1420.8768,496.7424,0
1751468582.6500762,332.23679999999996,1387.0079999999998,500.50559999999996,0
1751468582.727077,329.54879999999997,1387.0079999999998,503.73119999999994,0
1751468582.8018053,329.54879999999997,1349.376,508.5696,0
1751468582.876767,325.7856,1309.0559999999998,508.5696,0
1751468582.9513772,322.56,1309.0559999999998,516.096,0
1751468583.0258932,319.33439999999996,1261.7472,525.7728,0
1751468583.1004732,319.33439999999996,1210.1376,525.7728,0
1751468583.175196,316.1088,1210.1376,537.0623999999999,0
1751468583.2500577,313.4208,1157.4528,548.8896,0
1751468583.3246012,313.4208,1105.8432,568.2432,0
1751468583.3991292,313.4208,1105.8432,568.2432,0
1751468583.4735992,313.9584,1054.7712,602.112,0
1751468583.55022,313.9584,1002.6239999999999,644.5824,0
1751468583.627226,316.64639999999997,1002.6239999999999,695.6544,0
1751468583.7019455,319.87199999999996,949.9391999999999,695.6544,0
1751468583.7784362,323.0976,897.2543999999999,753.1776,0
1751468583.8562586,323.0976,844.0319999999999,789.7343999999999,0
1751468583.9316192,327.936,844.0319999999999,789.7343999999999,0
1751468584.0063057,332.23679999999996,791.8847999999999,818.2271999999999,0
1751468584.0828197,332.23679999999996,741.3503999999999,843.4943999999999,0
1751468584.1597373,337.6128,741.3503999999999,867.6863999999999,0
1751468584.2344503,344.06399999999996,690.8159999999999,867.6863999999999,0
1751468584.3109114,351.0528,641.8943999999999,890.8032,0
1751468584.3877566,351.0528,641.8943999999999,912.8448,0
1751468584.4624865,358.57919999999996,593.5104,933.2736,0
1751468584.5369585,365.568,549.9648,933.2736,0
1751468584.6114962,365.568,549.9648,958.0032,0
1751468584.6859329,372.55679999999995,509.1072,998.3231999999999,0
1751468584.762562,380.6208,475.23839999999996,998.3231999999999,0
1751468584.8394604,387.072,445.1328,1056.9216,0
1751468584.9143214,387.072,445.1328,1127.8848,0
1751468584.9899468,394.0608,423.09119999999996,1217.664,0
1751468585.0669062,401.0496,406.4256,1217.664,0
1751468585.1415727,401.0496,406.4256,1308.5184,0
1751468585.2161686,408.57599999999996,393.5232,1411.1999999999998,0
1751468585.2908642,415.5648,382.23359999999997,1496.1408,0
1751468585.36547,423.62879999999996,382.23359999999997,1496.1408,0
1751468585.4402013,423.62879999999996,370.94399999999996,1555.8144,0
1751468585.5167878,430.6176,360.7296,1614.4127999999998,0
1751468585.5937798,437.60639999999995,360.7296,1614.4127999999998,0
1751468585.6685586,437.60639999999995,352.128,1659.0336,0
1751468585.745063,445.1328,344.06399999999996,1699.8911999999998,0
1751468585.8219755,452.6592,336.5376,1734.2975999999999,0
1751468585.8967612,452.6592,336.5376,1734.2975999999999,0
1751468585.9734359,461.26079999999996,331.69919999999996,1754.1888,0
1751468586.0512807,471.4752,326.8608,1768.704,0
1751468586.1262956,482.7648,326.8608,1777.3056,0
1751468586.2015903,482.7648,325.7856,1777.3056,0
1751468586.2761745,496.2048,326.3232,1775.1552,0
1751468586.35065,516.096,326.3232,1775.6927999999998,0
1751468586.427132,516.096,330.62399999999997,1775.6927999999998,0
1751468586.504056,540.8256,336.0,1774.6175999999998,0
1751468586.5787876,574.1568,336.0,1760.6399999999999,0
1751468586.65522,608.0255999999999,341.376,1736.4479999999999,0
1751468586.7320695,608.0255999999999,348.9024,1736.4479999999999,0
1751468586.8067994,644.5824,356.96639999999996,1708.4928,0
1751468586.8812563,683.2896,356.96639999999996,1676.2368,0
1751468586.9572783,683.2896,367.1808,1676.2368,0
1751468587.0342796,721.4592,379.5456,1641.2928,0
1751468587.1098616,758.5536,379.5456,1599.36,0
1751468587.1865673,800.4864,388.1472,1541.8367999999998,0
1751468587.2635543,800.4864,397.82399999999996,1541.8367999999998,0
1751468587.338311,848.8703999999999,397.82399999999996,1470.336,0
1751468587.4135966,904.2431999999999,407.50079999999997,1383.7823999999998,0
1751468587.4881625,904.2431999999999,416.64,1298.3039999999999,0
1751468587.562658,971.9807999999999,416.64,1298.3039999999999,0
1751468587.6393652,1050.4704,426.3168,1211.2128,0
1751468587.7164037,1128.4224,435.45599999999996,1134.336,0
1751468587.791161,1128.4224,445.6704,1134.336,0
1751468587.8676262,1208.5248,445.6704,1068.7487999999998,0
1751468587.9446259,1287.552,455.8848,1004.2367999999999,0
1751468588.019517,1287.552,465.02399999999994,938.112,0
1751468588.096249,1362.8159999999998,465.02399999999994,938.112,0
1751468588.173571,1430.0159999999998,474.70079999999996,864.4608,0
1751468588.2485204,1493.4527999999998,484.3776,781.1328,0
1751468588.3251064,1493.4527999999998,484.3776,687.0527999999999,0
1751468588.4021,1551.5136,497.81759999999997,687.0527999999999,0
1751468588.4768572,1599.36,514.4832,596.1984,0
1751468588.551456,1599.36,514.4832,520.3968,0
1751468588.6590462,1642.9055999999998,539.2128,464.48639999999995,0
1751468588.7304153,1676.2368,579.5328,464.48639999999995,0
1751468588.8001916,1698.8159999999998,634.3679999999999,428.4672,0
1751468588.8760471,1698.8159999999998,634.3679999999999,409.11359999999996,0
1751468588.953107,1704.7296,689.2031999999999,396.21119999999996,0
1751468589.0280442,1696.6655999999998,737.0495999999999,396.21119999999996,0
1751468589.1047084,1676.7743999999998,787.584,385.45919999999995,0
1751468589.1821103,1676.7743999999998,787.584,378.4704,0
1751468589.2570121,1643.9807999999998,832.7424,366.1056,0
1751468589.3335662,1602.5855999999999,877.3631999999999,366.1056,0
1751468589.410557,1602.5855999999999,877.3631999999999,352.6656,0
1751468589.4852977,1557.4271999999999,934.8864,339.2256,0
1751468589.5618265,1500.9792,1009.0751999999999,339.2256,0
1751468589.6395636,1443.456,1009.0751999999999,330.08639999999997,0
1751468589.7143798,1443.456,1103.1552,325.248,0
1751468589.790894,1370.8799999999999,1214.9759999999999,326.8608,0
1751468589.8677793,1295.616,1214.9759999999999,326.8608,0
1751468589.9425495,1295.616,1324.6463999999999,332.77439999999996,0
1751468590.0193386,1213.3632,1423.0272,338.1504,0
1751468590.0959675,1121.9712,1510.1183999999998,345.67679999999996,0
1751468590.1706505,1036.4928,1510.1183999999998,345.67679999999996,0
