time,relative_time,yaw_angle,target_yaw,error,gyro_rate,motor_cmd,controller_active
1751144564,0.017480612,0.790201843,0,-0.790201843,0.14989313,CW,TRUE
1751144564,0.044998646,0.813508434,0,-0.813508434,1.668977099,CW,TRUE
1751144564,0.072488785,0.883678883,0,-0.883678883,3.043022901,CW,TRUE
1751144564,0.099986076,0.991272449,0,-0.991272449,4.386534351,CW,TRUE
1751144564,0.127494097,1.141298792,0,-1.141298792,5.875083969,CCW,TRUE
1751144564,0.155138493,1.28729975,0,-1.28729975,4.722412214,CCW,TRUE
1751144565,0.182736635,1.40200546,0,-1.40200546,3.752946565,CCW,TRUE
1751144565,0.210263491,1.483458462,0,-1.483458462,2.592641221,CCW,TRUE
1751144565,0.237737656,1.531294212,0,-1.531294212,1.317832061,CCW,TRUE
1751144565,0.265209198,1.608813967,0,-1.608813967,0.646076336,CCW,TRUE
1751144565,0.292679071,1.608737636,0,-1.608737636,-0.308122137,CCW,TRUE
1751144565,0.321005344,1.585176636,0,-1.585176636,-1.185984733,CCW,TRUE
1751144565,0.350696802,1.534688477,0,-1.534688477,-2.292854962,CCW,TRUE
1751144565,0.380382538,1.499253047,0,-1.499253047,-3.430259542,CCW,TRUE
1751144565,0.410135746,1.36978533,0,-1.36978533,-4.766137405,CCW,TRUE
1751144565,0.437764883,1.207757013,0,-1.207757013,-5.743236641,CW,TRUE
1751144565,0.465275288,1.061575454,0,-1.061575454,-4.514229008,CW,TRUE
1751144565,0.492748022,0.955669389,0,-0.955669389,-3.537129771,CW,TRUE
1751144565,0.520233393,0.875069285,0,-0.875069285,-2.247053435,CW,TRUE
1751144565,0.547724009,0.839087306,0,-0.839087306,-0.796671756,CW,TRUE
1751144565,0.575206041,0.836075475,0,-0.836075475,0.600274809,CW,TRUE
1751144565,0.602673769,0.873551873,0,-0.873551873,1.981954198,CW,TRUE
1751144565,0.631773472,0.950845136,0,-0.950845136,3.508671756,CW,TRUE
1751144565,0.661456108,1.072990621,0,-1.072990621,4.661343511,CCW,TRUE
1751144565,0.6911726,1.204551921,0,-1.204551921,3.928519084,CCW,TRUE
1751144565,0.720933199,1.309380359,0,-1.309380359,1.027755725,CCW,TRUE
1751144565,0.748433828,1.381299887,0,-1.381299887,2.01248855,CCW,TRUE
1751144565,0.77590847,1.424664375,0,-1.424664375,1.104091603,CCW,TRUE
1751144565,0.80339551,1.440951219,0,-1.440951219,0.302564885,CCW,TRUE
1751144565,0.830904007,1.433321881,0,-1.433321881,-0.842473282,CCW,TRUE
1751144565,0.858409166,1.391251386,0,-1.391251386,-1.552396947,CCW,TRUE
1751144565,0.885892391,1.323564511,0,-1.323564511,-4.941709924,CCW,TRUE
1751144565,0.9133811,1.223840421,0,-1.223840421,-3.903541985,CCW,TRUE
1751144565,0.940863132,1.09025645,0,-1.09025645,-5.216519084,CW,TRUE
1751144565,0.968325853,0.963918209,0,-0.963918209,-4.048580153,CW,TRUE
1751144565,0.996009827,0.867063265,0,-0.867063265,-2.972244275,CW,TRUE
1751144565,1.023496866,0.80542602,0,-0.80542602,-1.491328244,CW,TRUE
1751144565,1.050990582,0.786883941,0,-0.786883941,-0.155450382,CW,TRUE
1751144565,1.078465939,0.810731307,0,-0.810731307,1.470503817,CW,TRUE
1751144565,1.105974674,0.870882453,0,-0.870882453,2.577374046,CW,TRUE
1751144565,1.133465052,0.971144024,0,-0.971144024,4.157526718,CW,TRUE
1751144565,1.160976887,1.113328814,0,-1.113328814,5.516305344,CCW,TRUE
1751144566,1.188434362,1.254588124,0,-1.254588124,4.707145038,CCW,TRUE
1751144566,1.21590519,1.367272206,0,-1.367272206,3.539206107,CCW,TRUE
1751144566,1.245141506,1.498497148,0,-1.498497148,2.653709924,CCW,TRUE
1751144566,1.274965286,1.556454839,0,-1.556454839,1.56210687,CCW,TRUE
1751144566,1.304735899,1.585175163,0,-1.585175163,0.523938931,CCW,TRUE
1751144566,1.334080696,1.582819517,0,-1.582819517,-0.323389313,CCW,TRUE
1751144566,1.361551046,1.607143768,0,-1.607143768,-1.346290076,CCW,TRUE
1751144566,1.389022589,1.558215605,0,-1.558215605,-2.353923664,CCW,TRUE
1751144566,1.416492224,1.476981473,0,-1.476981473,-3.483694656,CCW,TRUE
1751144566,1.443999767,1.360957627,0,-1.360957627,-4.666900763,CCW,TRUE
1751144566,1.471485138,1.21429903,0,-1.21429903,-5.766137405,CW,TRUE
1751144566,1.498990536,1.073294632,0,-1.073294632,-4.682167939,CW,TRUE
1751144566,1.52645874,0.962474071,0,-0.962474071,-3.453160305,CW,TRUE
1751144566,1.554083347,0.893542518,0,-0.893542518,-2.002778626,CW,TRUE
1751144566,1.581562757,0.813449348,0,-0.813449348,-0.621099237,CW,TRUE
1751144566,1.609040499,0.826378291,0,-0.826378291,0.882717557,CW,TRUE
1751144566,1.636547327,0.873738319,0,-0.873738319,2.302564885,CW,TRUE
1751144566,1.664017916,0.957596199,0,-0.957596199,3.69951145,CW,TRUE
1751144566,1.691489697,1.081860678,0,-1.081860678,5.28729771,CCW,TRUE
1751144566,1.718957663,1.217044993,0,-1.217044993,4.447603053,CCW,TRUE
1751144566,1.748012543,1.316350543,0,-1.316350543,3.531572519,CCW,TRUE
1751144566,1.777709961,1.400806187,0,-1.400806187,2.279664122,CCW,TRUE
1751144566,1.807414055,1.45741267,0,-1.45741267,1.49340458,CCW,TRUE
1751144566,1.837158442,1.427964407,0,-1.427964407,0.569740458,CCW,TRUE
1751144566,1.864772081,1.422887047,0,-1.422887047,-0.590564885,CCW,TRUE
1751144566,1.892246723,1.393852844,0,-1.393852844,-1.57529771,CCW,TRUE
1751144566,1.919717073,1.333385782,0,-1.333385782,-2.789038168,CCW,TRUE
1751144566,1.947198868,1.239369128,0,-1.239369128,-3.941709924,CCW,TRUE
1751144566,1.974676371,1.112581714,0,-1.112581714,-3.05621374,CW,TRUE
1751144566,2.002147198,0.990007047,0,-0.990007047,-3.873007634,CW,TRUE
1751144566,2.029613733,0.900601982,0,-0.900601982,-2.727969466,CW,TRUE
1751144566,2.058914423,0.845076065,0,-0.845076065,-1.491328244,CW,TRUE
1751144566,2.088608265,0.833602,0,-0.833602,0.279664122,CW,TRUE
1751144566,2.118514299,0.863361932,0,-0.863361932,1.798748092,CW,TRUE
1751144566,2.147875547,0.944610381,0,-0.944610381,3.386534351,CW,TRUE
1751144566,2.175366402,1.064227732,0,-1.064227732,4.56210687,CCW,TRUE
1751144567,2.202835083,1.181609407,0,-1.181609407,3.989587786,CCW,TRUE
1751144567,2.230311155,1.27796959,0,-1.27796959,2.897984733,CCW,TRUE
1751144567,2.257798195,1.335785776,0,-1.335785776,1.905618321,CCW,TRUE
1751144567,2.285294533,1.373266726,0,-1.373266726,1.058290076,CCW,TRUE
1751144567,2.312764645,1.383895097,0,-1.383895097,-0.201251908,CCW,TRUE
1751144567,2.340233564,1.371237697,0,-1.371237697,-1.002778626,CCW,TRUE
1751144567,2.369614363,1.326425161,0,-1.326425161,-2.117282443,CCW,TRUE
1751144567,2.399425983,1.241146357,0,-1.241146357,-3.262320611,CCW,TRUE
1751144567,2.42912817,1.120388885,0,-1.120388885,-4.682167939,CCW,TRUE
1751144567,2.458511591,0.962971741,0,-0.962971741,-5.697435115,STOP,TRUE
1751144567,2.486022234,0.790001816,0,-0.790001816,-5.78140458,STOP,TRUE
1751144567,2.513496399,0.636629766,0,-0.636629766,-5.544763359,STOP,TRUE
1751144567,2.54098773,0.487980722,0,-0.487980722,-5.338656489,STOP,TRUE
1751144567,2.568485498,0.341939842,0,-0.341939842,-5.308122137,STOP,TRUE
1751144567,2.595957518,0.199749251,0,-0.199749251,-4.903541985,STOP,TRUE
1751144567,2.623432159,0.067746955,0,-0.067746955,-4.811938931,STOP,TRUE
1751144567,2.650900602,-0.056465882,0,0.056465882,-4.659267176,STOP,TRUE
1751144567,2.678525686,-0.179289453,0,0.179289453,-4.483694656,STOP,TRUE
1751144567,2.706033707,-0.301821052,0,0.301821052,-4.353923664,STOP,TRUE
1751144567,2.733564854,-0.420210232,0,0.420210232,-3.941709924,STOP,TRUE
1751144567,2.7610569,-0.530113526,0,0.530113526,-3.949343511,STOP,TRUE
1751144567,2.788533926,-0.631550202,0,0.631550202,-3.926442748,STOP,TRUE
1751144567,2.81602931,-0.736097525,0,0.736097525,-3.674534351,STOP,TRUE
1751144567,2.843652487,-0.835432198,0,0.835432198,-3.621099237,STOP,TRUE
1751144567,2.87138319,-0.930472673,180,180.9304727,-3.36919084,CW,TRUE
1751144567,2.898869753,-1.00285285,180,181.0028529,-2.010412214,CW,TRUE
1751144567,2.926392317,-1.04446297,180,181.044463,-0.934076336,CW,TRUE
1751144567,2.954020977,-1.048128236,180,181.0481282,0.409435115,CW,TRUE
1751144567,2.981502056,-1.017552708,180,181.0175527,1.897984733,CW,TRUE
1751144567,3.009002924,-0.940803287,180,180.9408033,3.325465649,CW,TRUE
1751144567,3.036473513,-0.825502071,180,180.8255021,4.791114504,CW,TRUE
1751144567,3.063975573,-0.670563679,180,180.6705637,6.310198473,CW,TRUE
1751144567,3.091475964,-0.476944963,180,180.476945,7.56210687,CW,TRUE
1751144567,3.118946314,-0.253235689,180,180.2532357,8.554473282,CW,TRUE
1751144567,3.146417379,0.001258331,180,179.9987417,9.775847328,CW,TRUE
1751144567,3.175686836,0.287271205,180,179.7127288,10.86745038,CW,TRUE
1751144568,3.205405235,0.627097567,180,179.3729024,11.98958779,CW,TRUE
1751144568,3.235259533,1.001275631,180,178.9987244,13.05065649,CW,TRUE
1751144568,3.264648199,1.402265144,180,178.5977349,14.1040916,CW,TRUE
1751144568,3.292170525,1.836196155,180,178.1638038,15.16516031,CW,TRUE
1751144568,3.31964469,2.271874578,180,177.7281254,16.2338626,CW,TRUE
1751144568,3.347113371,2.73782254,180,177.2621775,17.31019847,CW,TRUE
1751144568,3.374588966,3.23572983,180,176.7642702,18.2949313,CW,TRUE
1751144568,3.402085304,3.757065111,180,176.2429349,19.43996947,CW,TRUE
1751144568,3.429556847,4.306481383,180,175.6935186,20.37126718,CW,TRUE
1751144568,3.457025528,4.885189775,180,175.1148102,21.69187786,CW,TRUE
1751144568,3.484514475,5.491673905,180,174.5083261,22.356,CW,TRUE
1751144568,3.512158155,6.126398364,180,173.8736016,23.56210687,CW,TRUE
1751144568,3.539633274,6.793520841,180,173.2064792,24.70714504,CW,TRUE
1751144568,3.567183495,7.48511033,180,172.5148897,25.66134351,CW,TRUE
1751144568,3.594654799,8.203523395,180,171.7964766,26.70714504,CW,TRUE
1751144568,3.622132778,8.949699088,180,171.0503009,27.72241221,CW,TRUE
1751144568,3.649601221,9.729886209,180,170.2701138,28.71477863,CW,TRUE
1751144568,3.677092791,10.53686486,180,169.4631351,29.88271756,CW,TRUE
1751144568,3.704603672,11.37690628,180,168.6230937,30.76058015,CW,TRUE
1751144568,3.732079268,12.24245507,180,167.7575449,32.02775573,CW,TRUE
1751144568,3.759546518,13.13771648,180,166.8622835,33.05065649,CW,TRUE
1751144568,3.787234783,14.06474962,180,165.9352504,33.89035115,CW,TRUE
1751144568,3.814784527,15.02576189,180,164.9742381,34.93615267,CW,TRUE
1751144568,3.842283487,16.00425097,180,163.995749,34.20332824,CW,TRUE
1751144568,3.869756937,17.01302952,180,162.9869705,37.00485496,CW,TRUE
1751144568,3.897292852,18.05251079,180,161.9474892,38.2338626,CW,TRUE
1751144568,3.924760103,19.11720237,180,160.8827976,39.11172519,CW,TRUE
1751144568,3.952230453,20.21113679,180,159.7888632,40.30256489,CW,TRUE
1751144568,3.979698181,21.33670596,180,158.663294,41.27203053,CW,TRUE
1751144568,4.008990288,22.48703411,180,157.5129659,42.34836641,CW,TRUE
1751144568,4.038667202,23.74208924,180,156.2579108,43.44760305,CW,TRUE
1751144568,4.068511486,25.0545056,180,154.9454944,44.65370992,CW,TRUE
1751144568,4.097862244,26.39960409,180,153.6003959,43.93615267,CW,TRUE
1751144568,4.125338793,27.75977889,180,152.2402211,46.76821374,CW,TRUE
1751144568,4.152813673,29.06512508,180,150.9348749,47.90561832,CW,TRUE
1751144569,4.180323601,30.40212353,180,149.5978765,48.92851908,CW,TRUE
1751144569,4.207803488,31.76504451,180,148.2349555,49.95905344,CW,TRUE
1751144569,4.23526597,33.15531252,180,146.8446875,51.13462595,CW,TRUE
1751144569,4.262720823,34.57440661,180,145.4255934,52.07355725,CW,TRUE
1751144569,4.290207624,36.02725832,180,143.9727417,53.37126718,CW,TRUE
1751144569,4.317683935,37.50613743,180,142.4938626,54.27203053,CW,TRUE
1751144569,4.345321178,39.01418073,180,140.9858193,55.21096183,CW,TRUE
1751144569,4.372806311,40.54492725,180,139.4550727,56.40943511,CW,TRUE
1751144569,4.400305033,42.11074567,180,137.8892543,57.16516031,CW,TRUE
1751144569,4.427784443,43.7017891,180,136.2982109,58.39416794,CW,TRUE
1751144569,4.455253839,45.32597532,180,134.6740247,59.356,CW,TRUE
1751144569,4.48271966,46.97656475,180,133.0234353,60.51630534,CW,TRUE
1751144569,4.510224819,48.64395076,180,131.3560492,61.40943511,CW,TRUE
1751144569,4.537691593,50.3481444,180,129.6518556,62.61554198,CW,TRUE
1751144569,4.565157413,52.08275745,180,127.9172426,63.56974046,CW,TRUE
1751144569,4.592618227,53.84554084,180,126.1544592,64.53920611,CW,TRUE
1751144569,4.620256424,55.64687639,180,124.3531236,65.52393893,CW,TRUE
1751144569,4.647768974,57.46562593,180,122.5343741,66.50867176,CW,TRUE
1751144569,4.675243855,59.3155292,180,120.6844708,67.76821374,CW,TRUE
1751144569,4.702720642,61.19163312,180,118.8083669,68.71477863,CW,TRUE
1751144569,4.730231047,63.14923352,180,116.8507665,69.70714504,CW,TRUE
1751144569,4.757696629,65.07853353,180,114.9214665,70.74531298,CW,TRUE
1751144569,4.785165071,67.03933079,180,112.9606692,71.93615267,CW,TRUE
1751144569,4.812648058,69.03503056,180,110.9649694,72.79874809,CW,TRUE
1751144569,4.842015743,71.06019312,180,108.9398069,74.03538931,CW,TRUE
1751144569,4.872047901,73.24858703,180,106.751413,75.07355725,CW,TRUE
1751144569,4.901964426,75.54218364,180,104.4578164,76.28729771,CW,TRUE
1751144569,4.931180239,77.82820199,180,102.171798,77.356,CW,TRUE
1751144569,4.958660364,80.10152867,180,99.89847133,78.51630534,CW,TRUE
1751144569,4.98617816,82.27051585,180,97.72948415,79.48577099,CW,TRUE
1751144569,5.013655901,84.47172952,180,95.52827048,80.39416794,CW,TRUE
1751144569,5.04121542,86.69983715,180,93.30016285,81.33309924,CW,TRUE
1751144569,5.06868577,88.96259097,180,91.03740903,82.6079084,CW,TRUE
1751144569,5.096177578,91.18837169,180,88.81162831,83.48577099,CW,TRUE
1751144569,5.123646259,93.50496342,180,86.49503658,84.69951145,CW,TRUE
1751144569,5.151142836,95.84824367,180,84.15175633,85.43996947,CW,TRUE
1751144569,5.17874527,98.22186173,180,81.77813827,86.74531298,CW,TRUE
1751144570,5.206253529,100.6193971,180,79.38060295,87.7300458,CW,TRUE
1751144570,5.233718157,103.044835,180,76.95516496,88.83691603,CW,TRUE
1751144570,5.261194706,105.4939935,180,74.50600651,89.91325191,CW,TRUE
1751144570,5.288658619,107.9721309,180,72.0278691,90.70714504,CW,TRUE
1751144570,5.316178083,110.4887937,180,69.51120627,91.79874809,CW,TRUE
1751144570,5.343655825,113.0371479,180,66.96285214,92.80638168,CW,TRUE
1751144570,5.371122599,115.6025919,180,64.39740812,93.9208855,CW,TRUE
1751144570,5.39858675,118.1981473,180,61.80185272,94.95141985,CW,TRUE
1751144570,5.426074505,120.8247715,180,59.1752285,95.97432061,CW,TRUE
1751144570,5.453693151,123.4894584,180,56.5105416,96.84454962,CW,TRUE
1751144570,5.481181145,126.1721503,180,53.82784972,97.93615267,CW,TRUE
1751144570,5.508644581,128.8832663,180,51.11673374,99.11172519,CW,TRUE
1751144570,5.536117077,131.6176945,180,48.38230552,100.1040916,CW,TRUE
1751144570,5.563621998,134.3317418,180,45.66825821,101.2567634,CW,TRUE
1751144570,5.591094494,137.1262169,180,42.87378314,102.1193588,CW,TRUE
1751144570,5.618565321,139.9521773,180,40.0478227,103.0506565,CW,TRUE
1751144570,5.646033287,142.8065107,180,37.19348934,102.5621069,CW,TRUE
1751144570,5.675430059,145.6865247,180,34.31347528,105.3101985,CW,TRUE
1751144570,5.705131054,148.7903642,180,31.20963579,104.5239389,CW,TRUE
1751144570,5.734951258,152.0180419,180,27.98195812,106.5926412,CW,TRUE
1751144570,5.764317751,155.2278971,180,24.77210289,109.3025649,CCW,TRUE
1751144570,5.791804552,158.4386891,180,21.56131086,106.6689771,CCW,TRUE
1751144570,5.819283485,161.4114797,180,18.58852027,106.2796641,CCW,TRUE
1751144570,5.84674716,164.3036671,180,15.69633288,104.577374,CCW,TRUE
1751144570,5.874223232,167.1600269,180,12.83997314,103.1727939,CCW,TRUE
1751144570,5.901699781,169.9250915,180,10.07490848,101.7987481,CCW,TRUE
1751144570,5.929168463,172.7086419,180,7.291358115,100.6308092,CCW,TRUE
1751144570,5.956630468,175.4441779,180,4.555822058,99.18042748,CCW,TRUE
1751144570,5.986019373,178.156126,180,1.84387402,97.79874809,CCW,TRUE
1751144570,6.015867472,181.0044107,180,-1.004410707,95.99722137,CCW,TRUE
1751144570,6.045585871,183.834654,180,-3.834654049,94.7300458,CCW,TRUE
1751144570,6.075115919,186.629332,180,-6.629331992,93.24149618,CCW,TRUE
1751144570,6.102587223,189.3526187,180,-9.352618715,91.74531298,CCW,TRUE
1751144570,6.13008523,191.856863,180,-11.85686298,90.53157252,CCW,TRUE
1751144570,6.15755415,194.3248259,180,-14.32482592,89.08119084,CCW,TRUE
1751144571,6.186908722,196.7506423,180,-16.7506423,87.67661069,CCW,TRUE
1751144571,6.216598749,199.2953824,180,-19.29538239,85.92851908,CCW,TRUE
1751144571,6.246280909,201.8260015,180,-21.82600151,84.7911145,CCW,TRUE
1751144571,6.275584459,204.314029,180,-24.31402903,83.15752672,CCW,TRUE
1751144571,6.303258896,206.7318917,180,-26.73189171,81.82928244,CCW,TRUE
1751144571,6.330757141,208.9592928,180,-28.95929276,80.40943511,CCW,TRUE
1751144571,6.3582232,211.1432964,180,-31.14329642,79.11172519,CCW,TRUE
1751144571,6.38570261,213.2855778,180,-33.28557777,77.63080916,CCW,TRUE
1751144571,6.413172245,215.3976585,180,-35.39765853,76.21096183,CCW,TRUE
1751144571,6.440643072,217.4766049,180,-37.47660491,74.9819542,CCW,TRUE
1751144571,6.468114853,219.5140009,180,-39.51400089,73.38653435,CCW,TRUE
1751144571,6.497440338,221.5165605,180,-41.51656052,72.00485496,CCW,TRUE
1751144571,6.527160168,223.6602773,180,-43.66027727,70.63080916,CCW,TRUE
1751144571,6.556871176,225.742038,180,-45.74203803,71.11935878,CCW,TRUE
1751144571,6.586338043,227.7722995,180,-47.77229949,67.67661069,CCW,TRUE
1751144571,6.613817453,229.7311155,180,-49.73111553,66.24912977,CCW,TRUE
1751144571,6.641302109,231.5320161,180,-51.53201613,64.82164885,CCW,TRUE
1751144571,6.668768644,233.295687,180,-53.29568702,63.62317557,CCW,TRUE
1751144571,6.696255922,235.0187837,180,-55.01878371,62.27966412,CCW,TRUE
1751144571,6.723721981,236.7033609,180,-56.70336086,60.90561832,CCW,TRUE
1751144571,6.751280785,238.3478792,180,-58.34787916,59.34836641,CCW,TRUE
1751144571,6.77874732,239.9578672,180,-59.95786724,58.0430229,CCW,TRUE
1751144571,6.806238651,241.5279773,180,-61.52797727,56.66134351,CCW,TRUE
1751144571,6.833709478,243.061733,180,-63.06173297,55.05829008,CCW,TRUE
1751144571,6.861333132,244.5691096,180,-64.5691096,53.90561832,CCW,TRUE
1751144571,6.888814688,246.0275726,180,-66.02757262,52.4170687,CCW,TRUE
1751144571,6.916314602,247.4989077,180,-67.49890773,51.25676336,CCW,TRUE
1751144571,6.943788052,248.8824039,180,-68.88240386,49.67661069,CCW,TRUE
1751144571,6.971261263,250.230775,180,-70.23077498,48.30256489,CCW,TRUE
1751144571,6.998740911,251.5397771,180,-71.53977706,46.93615267,CCW,TRUE
1751144571,7.026231766,252.8117247,180,-72.8117247,45.68424427,CCW,TRUE
1751144571,7.053700686,254.0407623,180,-74.04076231,44.02775573,CCW,TRUE
1751144571,7.081186056,255.2388039,180,-75.23880389,42.86745038,CCW,TRUE
1751144571,7.11042428,256.3922826,180,-76.39228258,41.40180153,CCW,TRUE
1751144571,7.140255928,257.577482,180,-77.57748205,39.85981679,CCW,TRUE
1751144571,7.16994977,258.7364691,180,-78.73646905,38.24912977,CCW,TRUE
1751144572,7.199205399,259.8519694,180,-79.85196941,36.9208855,CCW,TRUE
1751144572,7.227203846,260.9088772,180,-80.90887723,35.50103817,CCW,TRUE
1751144572,7.254696608,261.8836445,180,-81.88364447,34.20332824,CCW,TRUE
1751144572,7.282170296,262.8000777,180,-82.80007766,32.72241221,CCW,TRUE
1751144572,7.309653282,263.6785872,180,-83.6785872,31.37126718,CCW,TRUE
1751144572,7.337117434,264.5240839,180,-84.52408388,29.9208855,CCW,TRUE
1751144572,7.364585876,265.3221867,180,-85.32218673,28.81401527,CCW,TRUE
1751144572,7.392056704,266.0907808,180,-86.09078076,26.98958779,CCW,TRUE
1751144572,7.419723749,266.8189115,180,-86.81891145,25.9819542,CCW,TRUE
1751144572,7.447205067,267.5054362,180,-87.50543624,24.6079084,CCW,TRUE
1751144572,7.474714756,268.1525569,180,-88.15255687,23.14989313,CCW,TRUE
1751144572,7.502231836,268.7679461,180,-88.76794615,21.63844275,CCW,TRUE
1751144572,7.529711485,269.3421016,180,-89.34210158,20.31783206,CCW,TRUE
1751144572,7.557180405,269.8796752,180,-89.8796752,18.83691603,CCW,TRUE
1751144572,7.584650278,270.3800986,180,-90.38009862,17.72241221,CCW,TRUE
1751144572,7.61395812,270.8494049,180,-90.84940486,15.96668702,CCW,TRUE
1751144572,7.643669128,271.2894848,180,-91.28948483,14.2949313,CCW,TRUE
1751144572,7.673360586,271.7005431,180,-91.70054309,13.14989313,CCW,TRUE
1751144572,7.702933788,272.0624622,180,-92.06246222,11.85981679,CCW,TRUE
1751144572,7.730405331,272.3817436,180,-92.38174363,10.06592366,CCW,TRUE
1751144572,7.757878304,272.6351804,180,-92.63518038,8.569740458,CCW,TRUE
1751144572,7.785350323,272.8554692,180,-92.85546917,7.096458015,CCW,TRUE
1751144572,7.812855721,273.0301207,180,-93.03012073,5.913251908,CCW,TRUE
1751144572,7.840333223,273.1675606,180,-93.16756056,4.294931298,CCW,TRUE
1751144572,7.867806196,273.2692042,180,-93.2692042,2.959053435,CCW,TRUE
1751144572,7.895268202,273.3312015,180,-93.33120151,1.806381679,CCW,TRUE
1751144572,7.924571991,273.3685105,180,-93.36851046,0.783480916,CCW,TRUE
1751144572,7.954253197,273.3690993,180,-93.36909933,-0.384458015,CCW,TRUE
1751144572,7.984135151,273.3314332,180,-93.3314332,-1.537129771,CCW,TRUE
1751144572,8.013481379,273.2637263,180,-93.2637263,-2.590564885,CCW,TRUE
1751144572,8.0409832,273.163894,180,-93.16389397,-3.766137405,CCW,TRUE
1751144572,8.068457603,273.0375809,180,-93.03758094,-3.163083969,CCW,TRUE
1751144572,8.095925331,272.8844109,180,-92.88441094,-6.132549618,CCW,TRUE
1751144572,8.123415232,272.7027336,180,-92.70273357,-7.30048855,CCW,TRUE
1751144572,8.150880814,272.4875868,180,-92.48758684,-7.972244275,CCW,TRUE
1751144572,8.178437471,272.2516184,180,-92.25161836,-9.010412214,CCW,TRUE
1751144573,8.205905437,271.9825562,180,-91.98255621,-10.46079389,CCW,TRUE
1751144573,8.235288143,271.6856734,180,-91.68567338,-11.50659542,CCW,TRUE
1751144573,8.265176535,271.3266593,180,-91.32665931,-10.84247328,CCW,TRUE
1751144573,8.294893742,270.933375,180,-90.93337503,-13.92644275,CCW,TRUE
1751144573,8.324229717,270.5080429,180,-90.5080429,-14.79667176,CCW,TRUE
1751144573,8.351702929,270.0505773,180,-90.05057726,-16.03331298,CCW,TRUE
1751144573,8.379199505,269.5967159,180,-89.59671591,-16.90354198,CCW,TRUE
1751144573,8.406666517,269.1092659,180,-89.10926589,-18.10964885,CCW,TRUE
1751144573,8.434144497,268.6441374,180,-88.64413741,-19.25468702,CCW,TRUE
1751144573,8.461614609,268.1003793,180,-88.10037934,-20.20125191,CCW,TRUE
1751144573,8.489109755,267.5270253,180,-87.52702534,-21.2088855,CCW,TRUE
1751144573,8.516592979,266.9216202,180,-86.92162022,-22.35392366,CCW,TRUE
1751144573,8.544224739,266.2804497,180,-86.28044972,-23.52949618,CCW,TRUE
1751144573,8.571702003,265.6194649,180,-85.61946492,-22.73560305,CCW,TRUE
1751144573,8.599198103,264.9284777,180,-84.9284777,-25.67453435,CCW,TRUE
1751144573,8.626681328,264.2079481,180,-84.20794805,-26.55239695,CCW,TRUE
1751144573,8.654163837,263.4534078,180,-83.45340782,-27.68980153,CCW,TRUE
1751144573,8.681630135,262.723064,180,-82.72306398,-28.80430534,CCW,TRUE
1751144573,8.709174395,261.910104,180,-81.91010401,-29.92644275,CCW,TRUE
1751144573,8.738256216,261.0675491,180,-81.06754911,-30.78903817,CCW,TRUE
1751144573,8.767977238,260.1457925,180,-80.14579255,-32.0180458,CCW,TRUE
1751144573,8.797672033,259.1737567,180,-79.17375669,-33.30812214,CCW,TRUE
1751144573,8.827532053,258.1604441,180,-78.16044405,-32.36155725,CCW,TRUE
1751144573,8.855043888,257.1229571,180,-77.12295709,-35.68216794,CCW,TRUE
1751144573,8.882547379,256.1292063,180,-76.12920632,-36.644,CCW,TRUE
1751144573,8.910049677,255.1035849,180,-75.10358488,-37.57529771,CCW,TRUE
1751144573,8.937553883,254.106147,180,-74.10614696,-38.65163359,CCW,TRUE
1751144573,8.965025187,253.0275371,180,-73.0275371,-39.51422901,CCW,TRUE
1751144573,8.992495537,251.9184005,180,-71.91840047,-40.90354198,CCW,TRUE
1751144573,9.019985437,250.7765321,180,-70.77653209,-41.72033588,CCW,TRUE
1751144573,9.049280643,249.6074847,180,-69.60748473,-42.86537405,CCW,TRUE
1751144573,9.078973055,248.3304856,180,-68.33048559,-44.06384733,CCW,TRUE
1751144573,9.108845234,246.9970955,180,-66.99709546,-45.23941985,CCW,TRUE
1751144573,9.13818121,245.6876746,180,-65.68767461,-46.43025954,CCW,TRUE
1751144573,9.165663004,244.3080751,180,-64.30807508,-47.43789313,CCW,TRUE
1751144574,9.193137169,242.9862109,180,-62.98621089,-48.56003053,CCW,TRUE
1751144574,9.220605373,241.6414386,180,-61.64143858,-49.73560305,CCW,TRUE
1751144574,9.248089075,240.2555327,180,-60.25553274,-50.65163359,CCW,TRUE
1751144574,9.275584936,238.8433814,180,-58.84338137,-51.75850382,CCW,TRUE
1751144574,9.30308485,237.4015912,180,-57.40159123,-52.82720611,CCW,TRUE
1751144574,9.330557346,235.9355524,180,-55.93555245,-53.88064122,CCW,TRUE
1751144574,9.358032942,234.4396053,180,-54.4396053,-54.84247328,CCW,TRUE
1751144574,9.385653973,232.9102148,180,-52.9102148,-55.94170992,CCW,TRUE
1751144574,9.413143158,231.3565308,180,-51.35653077,-56.97987786,CCW,TRUE
1751144574,9.440620422,229.7724913,180,-49.77249127,-58.14781679,CCW,TRUE
1751144574,9.468102694,228.1601359,180,-48.16013593,-59.14018321,CCW,TRUE
1751144574,9.495577574,226.5131829,180,-46.51318286,-60.13254962,CCW,TRUE
1751144574,9.523050785,224.8432355,180,-44.84323554,-61.23941985,CCW,TRUE
1751144574,9.550530195,223.1440587,180,-43.14405873,-62.2088855,CCW,TRUE
1751144574,9.578000069,221.4148022,180,-41.41480218,-63.32338931,CCW,TRUE
1751144574,9.60549736,219.6539891,180,-39.65398907,-64.37682443,CCW,TRUE
1751144574,9.632991791,217.867476,180,-37.86747602,-65.22415267,CCW,TRUE
1751144574,9.660637617,216.043603,180,-36.04360297,-66.43025954,CCW,TRUE
1751144574,9.688114166,214.1929554,180,-34.19295537,-65.56766412,CCW,TRUE
1751144574,9.715579033,212.3239904,180,-32.32399041,-68.62109924,CCW,TRUE
1751144574,9.743042707,210.4237476,180,-30.42374762,-69.75850382,CCW,TRUE
1751144574,9.770523548,208.49942,180,-28.49941999,-70.60583206,CCW,TRUE
1751144574,9.798000097,206.546138,180,-26.54613797,-71.55239695,CCW,TRUE
1751144574,9.825542927,204.5583134,180,-24.55831339,-72.61346565,CCW,TRUE
1751144574,9.853036642,202.5934991,180,-22.59349914,-73.82720611,CCW,TRUE
1751144574,9.880509138,200.5423648,180,-20.54236481,-74.85774046,CCW,TRUE
1751144574,9.908006668,198.4730309,180,-18.47303086,-76.03331298,CW,TRUE
1751144574,9.935678482,196.388862,180,-16.38886198,-74.88827481,CW,TRUE
1751144574,9.963200331,194.3547164,180,-14.35471644,-73.43789313,CW,TRUE
1751144574,9.990674973,192.3578539,180,-12.35785386,-72.03331298,CW,TRUE
1751144574,10.01815677,190.3961666,180,-10.39616655,-70.63636641,CW,TRUE
1751144574,10.04562521,188.4767867,180,-8.476786714,-69.24705344,CW,TRUE
1751144574,10.07313061,186.5934869,180,-6.593486876,-68.04858015,CW,TRUE
1751144574,10.10059643,184.7428282,180,-4.742828222,-66.83483969,CW,TRUE
1751144574,10.12806702,182.9299291,180,-2.929929083,-65.20125191,CW,TRUE
1751144574,10.15552855,181.15812,180,-1.15812001,-63.90354198,CW,TRUE
1751144575,10.18480277,179.4219746,180,0.578025449,-62.52949618,STOP,TRUE
1751144575,10.21467543,177.5864085,180,2.413591477,-62.30048855,CW,TRUE
1751144575,10.24437594,175.756444,180,4.243556049,-60.91117557,CW,TRUE
1751144575,10.27374101,173.9750391,180,6.02496087,-59.3310229,CW,TRUE
1751144575,10.30122066,172.254172,180,7.745828047,-58.10964885,CW,TRUE
1751144575,10.3287189,170.681079,180,9.318921016,-56.7661374,CW,TRUE
1751144575,10.35620093,169.0941367,180,10.90586331,-55.23178626,CW,TRUE
1751144575,10.3836813,167.5937932,180,12.40620683,-54.0791145,CW,TRUE
1751144575,10.41113663,166.1303604,180,13.86963961,-52.88064122,CW,TRUE
1751144575,10.43859673,164.7019534,180,15.29804661,-51.29285496,CW,TRUE
1751144575,10.46607995,163.3108691,180,16.68913091,-50.19361832,CW,TRUE
1751144575,10.49370003,161.947314,180,18.05268603,-48.79667176,CW,TRUE
1751144575,10.52117085,160.5765829,180,19.42341707,-47.55239695,CW,TRUE
1751144575,10.54863548,159.3027391,180,20.69726094,-44.08674809,CW,TRUE
1751144575,10.57614875,158.0651095,180,21.93489052,-44.53712977,CW,TRUE
1751144575,10.60363483,156.8571378,180,23.1428622,-43.45316031,CW,TRUE
1751144575,10.63109708,155.6888384,180,24.3111616,-41.96461069,CW,TRUE
1751144575,10.65855598,154.5588859,180,25.44111412,-40.78903817,CW,TRUE
1751144575,10.68752623,153.4603499,180,26.53965007,-39.10201527,CW,TRUE
1751144575,10.71719861,152.3511414,180,27.64885857,-37.66690076,CW,TRUE
1751144575,10.74691749,151.2593754,180,28.74062459,-38.14781679,CW,TRUE
1751144575,10.77642417,150.1991992,180,29.80080075,-34.8959084,CW,TRUE
1751144575,10.80392742,149.1993301,180,30.80066986,-33.30048855,CW,TRUE
1751144575,10.83140492,148.3017864,180,31.69821361,-32.0180458,CW,TRUE
1751144575,10.85923171,147.4455992,180,32.55440075,-30.63636641,CW,TRUE
1751144575,10.88685632,146.6107912,180,33.38920879,-29.50659542,CW,TRUE
1751144575,10.91438818,145.823493,180,34.17650696,-27.99514504,CW,TRUE
1751144575,10.9418695,145.0714255,180,34.92857447,-26.59819847,CW,TRUE
1751144575,10.96934724,144.3631714,180,35.63682864,-25.49896183,CW,TRUE
1751144575,10.99685359,143.7417713,180,36.25822866,-23.7050687,CW,TRUE
1751144575,11.02434397,143.1053131,180,36.89468688,-22.49132824,CW,TRUE
1751144575,11.05203032,142.500905,180,37.49909497,-21.13254962,CW,TRUE
1751144575,11.07952261,141.9395058,180,38.06049421,-19.71270229,CW,TRUE
1751144575,11.10703897,141.4170851,180,38.58291495,-18.46842748,CW,TRUE
1751144575,11.13454413,140.9277503,180,39.07224968,-17.07148092,CW,TRUE
1751144575,11.16202521,140.4774047,180,39.52259533,-15.66690076,CW,TRUE
1751144576,11.18953824,140.0660119,180,39.93398807,-14.44552672,CW,TRUE
1751144576,11.2170155,139.6929926,180,40.3070074,-12.99514504,CW,TRUE
1751144576,11.24448562,139.3607816,180,40.63921835,-11.83483969,CW,TRUE
1751144576,11.27195907,139.0608538,180,40.93914625,-10.23941985,CW,TRUE
1751144576,11.30133486,138.7986356,180,41.20136442,-8.773770992,CW,TRUE
1751144576,11.33126879,138.5689375,180,41.43106248,-7.094381679,CW,TRUE
1751144576,11.36100483,138.3788163,180,41.6211837,-5.598198473,CW,TRUE
1751144576,11.39033842,138.1758494,180,41.82415059,-4.50659542,CW,TRUE
1751144576,11.41781378,138.075458,180,41.92454197,-3.331022901,CW,TRUE
1751144576,11.44532514,138.0092656,180,41.99073437,-2.094381679,CW,TRUE
1751144576,11.47278953,137.9267403,180,42.0732597,-0.605832061,CW,TRUE
1751144576,11.50026536,137.930228,180,42.06977202,0.623175573,CW,TRUE
1751144576,11.52773428,137.9590971,180,42.04090285,1.546839695,CW,TRUE
1751144576,11.55520225,138.0189865,180,41.98101354,2.340732824,CW,TRUE
1751144576,11.5826695,138.0941869,180,41.9058131,3.195694656,CW,TRUE
1751144576,11.61030173,138.1986148,180,41.80138523,4.088824427,CW,TRUE
1751144576,11.63778329,138.3830895,180,41.61691053,5.226229008,CW,TRUE
1751144576,11.66546178,138.5469876,180,41.45301243,6.302564885,CW,TRUE
1751144576,11.69296718,138.7864251,180,41.21357493,7.417068702,CW,TRUE
1751144576,11.72044611,139.0061838,180,40.99381623,8.386534351,CW,TRUE
1751144576,11.74794269,139.2544602,180,40.74553983,9.409435115,CW,TRUE
1751144576,11.77540803,139.5347898,180,40.46521015,10.4170687,CW,TRUE
1751144576,11.80460978,139.8387245,180,40.16127548,11.40180153,CW,TRUE
1751144576,11.83431268,140.1955563,180,39.8044437,12.69951145,CW,TRUE
1751144576,11.86403203,140.5975744,180,39.40242557,14.02775573,CW,TRUE
1751144576,11.89373016,140.977313,180,39.02268701,14.88271756,CW,TRUE
1751144576,11.92123175,141.4370956,180,38.56290439,15.89035115,CW,TRUE
1751144576,11.9487009,141.8417367,180,38.15826328,16.96668702,CW,TRUE
1751144576,11.97617316,142.3261784,180,37.67382159,18.08119084,CW,TRUE
1751144576,12.00367427,142.8363408,180,37.16365922,19.07355725,CW,TRUE
1751144576,12.03114653,143.3766276,180,36.62337241,20.40180153,CW,TRUE
1751144576,12.05860901,143.9450309,180,36.05496915,21.19569466,CW,TRUE
1751144576,12.08609891,144.548909,180,35.45109096,22.31019847,CW,TRUE
1751144576,12.11548543,145.1842716,180,34.81572844,23.2338626,CW,TRUE
1751144576,12.14516926,145.8892975,180,34.11070248,24.53157252,CW,TRUE
1751144576,12.17502832,146.6410642,180,33.3589358,25.6689771,CW,TRUE
1751144577,12.20437002,147.3680615,180,32.63193846,26.95905344,CW,TRUE
1751144577,12.23205256,148.1839794,180,31.81602059,27.6689771,CW,TRUE
1751144577,12.25951219,148.9640516,180,31.03594838,28.76821374,CW,TRUE
1751144577,12.28698039,149.772434,180,30.22756604,29.7911145,CW,TRUE
1751144577,12.31446052,150.612954,180,29.38704603,30.90561832,CW,TRUE
1751144577,12.34192967,151.4779396,180,28.52206039,31.95141985,CW,TRUE
1751144577,12.36941767,152.3696828,180,27.63031719,33.11172519,CW,TRUE
1751144577,12.39688134,153.2910107,180,26.70898925,34.1040916,CW,TRUE
1751144577,12.42614269,154.2387581,180,25.76124187,35.08119084,CW,TRUE
1751144577,12.45603776,155.2432782,180,24.75672179,36.08119084,CW,TRUE
1751144577,12.48578906,156.3474828,180,23.65251718,37.47050382,CW,TRUE
1751144577,12.51510715,157.4808203,180,22.51917974,38.73767939,CW,TRUE
1751144577,12.54260278,158.6269699,180,21.37303011,39.69187786,CW,TRUE
1751144577,12.57009339,159.7353652,180,20.26463484,40.62317557,CW,TRUE
1751144577,12.59755993,160.8649712,180,19.13502877,41.9208855,CW,TRUE
1751144577,12.62503743,162.0265757,180,17.97342429,42.95905344,CW,TRUE
1751144577,12.65250111,163.2166834,180,16.78331656,43.66134351,CW,TRUE
1751144577,12.67999077,164.4352286,180,15.56477141,44.9819542,CW,TRUE
1751144577,12.70751286,165.685693,180,14.31430702,45.94378626,CW,TRUE
1751144577,12.73514104,166.9701636,180,13.0298364,46.82164885,CW,TRUE
1751144577,12.76262212,168.280058,180,11.71994201,47.93615267,CCW,TRUE
1751144577,12.79012108,169.5873711,180,10.41262892,46.82164885,CCW,TRUE
1751144577,12.81763935,170.8550988,180,9.144901245,45.36363359,CCW,TRUE
1751144577,12.84514356,172.0833942,180,7.916605755,44.08882443,CCW,TRUE
1751144577,12.87261581,173.2786064,180,6.721393627,42.94378626,CCW,TRUE
1751144577,12.90008545,174.431466,180,5.568534024,41.51630534,CCW,TRUE
1751144577,12.9290843,175.5538507,180,4.446149254,40.06592366,CCW,TRUE
1751144577,12.95876956,176.6969462,180,3.303053757,38.53920611,CCW,TRUE
1751144577,12.98846436,177.815496,180,2.184504011,37.13462595,CCW,TRUE
1751144577,13.01820874,178.8971844,180,1.102815628,35.51630534,CCW,TRUE
1751144577,13.04570293,179.928234,180,0.071766045,34.15752672,STOP,TRUE
1751144577,13.07316732,180.8640733,180,-0.864073271,33.85981679,STOP,TRUE
1751144577,13.10066891,181.8021493,180,-1.802149341,34.1040916,CCW,TRUE
1751144577,13.12819052,182.7167331,180,-2.716733075,32.6689771,CCW,TRUE
1751144577,13.15565848,183.5971686,180,-3.59716855,31.2949313,CCW,TRUE
1751144578,13.18313789,184.4357724,180,-4.435772352,29.91325191,CCW,TRUE
1751144578,13.21060514,185.2404091,180,-5.240409118,28.39416794,CCW,TRUE
1751144578,13.23999333,185.9987159,180,-5.998715881,27.00485496,CCW,TRUE
1751144578,13.26967335,186.772394,180,-6.772394023,25.50867176,CCW,TRUE
1751144578,13.29953575,187.5070777,180,-7.50707769,24.05065649,CCW,TRUE
1751144578,13.32874012,188.1993935,180,-8.199393524,22.6689771,CCW,TRUE
1751144578,13.35620856,188.8394988,180,-8.839498844,21.28729771,CCW,TRUE
1751144578,13.38367319,189.4022257,180,-9.402225728,20.18806107,CCW,TRUE
1751144578,13.41114354,189.9285623,180,-9.928562314,18.69187786,CCW,TRUE
1751144578,13.43862152,190.4151189,180,-10.41511889,17.26439695,CCW,TRUE
1751144578,13.46609306,190.9220775,180,-10.9220775,15.94378626,CCW,TRUE
1751144578,13.49355912,191.3363343,180,-11.33633433,14.54683969,CCW,TRUE
1751144578,13.52102709,191.7153677,180,-11.71536774,13.27966412,CCW,TRUE
1751144578,13.54850149,192.0559049,180,-12.05590489,12.07355725,CCW,TRUE
1751144578,13.57617378,192.358803,180,-12.35880302,10.53920611,CCW,TRUE
1751144578,13.60364127,192.6261671,180,-12.62616705,8.882717557,CCW,TRUE
1751144578,13.63112521,192.8478235,180,-12.84782349,7.539206107,CCW,TRUE
1751144578,13.65860677,193.0321287,180,-13.03212868,6.249129771,CCW,TRUE
1751144578,13.68608546,193.1897598,180,-13.18975979,5.088824427,CCW,TRUE
1751144578,13.71354866,193.3071466,180,-13.30714656,3.905618321,CCW,TRUE
1751144578,13.7410078,193.3936489,180,-13.39364894,2.478137405,CCW,TRUE
1751144578,13.77030754,193.4389351,180,-13.43893513,1.043022901,CCW,TRUE
1751144578,13.80000591,193.4384071,180,-13.4384071,-0.537129771,CCW,TRUE
1751144578,13.82969737,193.3977404,180,-13.39774045,-1.766137405,CCW,TRUE
1751144578,13.85920048,193.3222452,180,-13.32224522,-3.178351145,CCW,TRUE
1751144578,13.88670897,193.2175648,180,-13.21756475,-4.178351145,CCW,TRUE
1751144578,13.91420889,193.0893809,180,-13.08938087,-5.185984733,CCW,TRUE
1751144578,13.94168568,192.9352718,180,-12.93527176,-5.956977099,CCW,TRUE
1751144578,13.96917319,192.7537206,180,-12.75372062,-6.85010687,CCW,TRUE
1751144578,13.99663973,192.5485176,180,-12.54851756,-7.842473282,CCW,TRUE
1751144578,14.02411032,192.3186229,180,-12.31862294,-8.819572519,CCW,TRUE
1751144578,14.05156446,192.0560055,180,-12.05600555,-10.08674809,CCW,TRUE
1751144578,14.08092856,191.7676749,180,-11.76767485,-11.12491603,CCW,TRUE
1751144578,14.11062098,191.4169936,180,-11.41699364,-12.39972519,CCW,TRUE
1751144578,14.14050221,191.0334424,180,-11.03344238,-13.35392366,CCW,TRUE
1751144578,14.1698277,190.6176159,180,-10.61761587,-14.40735878,CCW,TRUE
1751144579,14.19733429,190.1738288,180,-10.17382876,-15.63636641,CCW,TRUE
1751144579,14.22480512,189.7253456,180,-9.725345592,-18.5218626,CCW,TRUE
1751144579,14.25231266,189.2567932,180,-9.256793227,-17.50659542,CCW,TRUE
1751144579,14.27979612,188.7590181,180,-8.759018094,-18.49132824,CCW,TRUE
1751144579,14.30726337,188.2321815,180,-8.232181518,-19.90354198,CCW,TRUE
1751144579,14.33473039,187.6768893,180,-7.676889318,-18.644,CCW,TRUE
1751144579,14.36223292,187.0954131,180,-7.095413146,-21.86537405,CCW,TRUE
1751144579,14.39158487,186.5276754,180,-6.527675386,-22.7661374,CCW,TRUE
1751144579,14.42147112,185.8382082,180,-5.838208215,-24.00277863,CCW,TRUE
1751144579,14.45119596,185.1038193,180,-5.103819325,-25.24705344,CW,TRUE
1751144579,14.48032093,184.3712676,180,-4.371267586,-24.12491603,CW,TRUE
1751144579,14.50778985,183.6943857,180,-3.694385685,-22.75850382,CW,TRUE
1751144579,14.5352664,183.095419,180,-3.095418979,-21.29285496,CW,TRUE
1751144579,14.56272411,182.5334904,180,-2.533490355,-19.97224427,CW,TRUE
1751144579,14.59024119,182.0101738,180,-2.01017377,-18.48369466,CW,TRUE
1751144579,14.61773515,181.5263802,180,-1.526380225,-17.40735878,CW,TRUE
1751144579,14.64520121,181.069848,180,-1.069847961,-15.96461069,CW,TRUE
1751144579,14.6726644,180.6552648,180,-0.655264787,-14.41499237,STOP,TRUE
1751144579,14.70034981,180.2624532,180,-0.262453203,-14.14018321,STOP,TRUE
1751144579,14.72782946,179.8738891,180,0.12611086,-14.03331298,STOP,TRUE
1751144579,14.75530314,179.4916813,180,0.508318742,-14.03331298,STOP,TRUE
1751144579,14.78281474,179.1118134,180,0.888186607,-13.68980153,STOP,TRUE
1751144579,14.81031823,178.7362142,180,1.263785794,-13.62109924,CW,TRUE
1751144579,14.83780122,178.3313227,180,1.668677279,-12.43789313,CW,TRUE
1751144579,14.86527634,178.0044415,180,1.995558481,-11.46842748,CW,TRUE
1751144579,14.89275599,177.7179892,180,2.282010823,-9.949343511,CW,TRUE
1751144579,14.92022848,177.4715056,180,2.528494351,-8.636366412,CW,TRUE
1751144579,14.94768643,177.2598374,180,2.740162635,-7.239419847,CW,TRUE
1751144579,14.97534609,177.0843051,180,2.915694915,-5.705068702,CW,TRUE
1751144579,15.00283027,176.943831,180,3.056168979,-4.392091603,CW,TRUE
1751144579,15.03030205,176.8499915,180,3.150008512,-4.956977099,CW,TRUE
1751144579,15.05777121,176.7905775,180,3.209422482,-1.483694656,CW,TRUE
1751144579,15.08527422,176.7647073,180,3.235292706,-0.445526718,CW,TRUE
1751144579,15.11274648,176.7713497,180,3.228650315,0.714778626,CW,TRUE
1751144579,15.14021182,176.8090176,180,3.190982433,1.775847328,CW,TRUE
1751144579,15.16767621,176.875402,180,3.124597964,2.928519084,CW,TRUE
1751144580,15.19660687,176.9711349,180,3.028865053,4.004854962,CW,TRUE
1751144580,15.22629213,177.1071588,180,2.8928412,5.027755725,CW,TRUE
1751144580,15.25618649,177.2818591,180,2.718140938,6.21859542,CW,TRUE
1751144580,15.2858882,177.4254398,180,2.57456022,7.455236641,CW,TRUE
1751144580,15.31342888,177.656082,180,2.343918039,8.188061069,CW,TRUE
1751144580,15.3409071,177.8990257,180,2.100974313,9.14989313,CCW,TRUE
1751144580,15.36838365,178.1892485,180,1.810751474,8.027755725,CCW,TRUE
1751144580,15.39585662,178.3863168,180,1.613683241,6.478137405,CCW,TRUE
1751144580,15.42334962,178.5454173,180,1.454582729,5.233862595,CCW,TRUE
1751144580,15.45082235,178.6607665,180,1.339233496,3.638442748,CCW,TRUE
1751144580,15.47829604,178.7923835,180,1.207616476,2.386534351,CCW,TRUE
1751144580,15.50577784,178.8374148,180,1.162585223,1.043022901,CCW,TRUE
1751144580,15.53343654,178.8419726,180,1.15802742,-0.338656489,CCW,TRUE
1751144580,15.56092143,178.8137256,180,1.186274354,-1.361557252,CW,TRUE
1751144580,15.58842802,178.7788181,180,1.221181938,-0.78140458,CW,TRUE
1751144580,15.61590767,178.777902,180,1.22209805,0.073557252,CW,TRUE
1751144580,15.64338255,178.7985927,180,1.201407343,1.180427481,CW,TRUE
1751144580,15.67085385,178.8532554,180,1.146744606,2.310198473,CW,TRUE
1751144580,15.69930029,178.93769,180,1.06230998,3.302564885,CW,TRUE
1751144580,15.72904921,179.0503591,180,0.949640881,4.615541985,CW,TRUE
1751144580,15.75873351,179.2060534,180,0.793946626,5.691877863,CW,TRUE
1751144580,15.78848696,179.3956256,180,0.604374404,6.821648855,STOP,TRUE
1751144580,15.8164804,179.6005676,180,0.39943238,6.836916031,STOP,TRUE
1751144580,15.84407163,179.8406,180,0.159400045,6.592641221,STOP,TRUE
1751144580,15.87163067,180.0215752,180,-0.02157519,6.646076336,STOP,TRUE
1751144580,15.89999342,180.1984495,180,-0.198449465,6.256763359,STOP,TRUE
1751144580,15.92975426,180.3757352,180,-0.375735184,6.08119084,STOP,TRUE
1751144580,15.95949411,180.5498843,180,-0.549884314,5.951419847,STOP,TRUE
1751144580,15.98922539,180.7205111,180,-0.720511133,5.798748092,STOP,TRUE
1751144580,16.01897287,180.8879746,180,-0.887974619,5.28729771,STOP,TRUE
1751144580,16.04873848,181.0436177,180,-1.043617712,5.294931298,CCW,TRUE
1751144580,16.07847524,181.182381,180,-1.182380984,4.111725191,CCW,TRUE
1751144580,16.10797095,181.276707,180,-1.276706952,2.478137405,CCW,TRUE
1751144580,16.13549638,181.3330988,180,-1.333098762,1.14989313,CCW,TRUE
1751144580,16.16299558,181.338693,180,-1.338692986,-0.529496183,CCW,TRUE
1751144581,16.19052339,181.3006202,180,-1.300620179,-1.857740458,CCW,TRUE
1751144581,16.21982265,181.2290721,180,-1.22907207,-3.094381679,CCW,TRUE
1751144581,16.24955559,181.1153675,180,-1.115367531,-4.414992366,CCW,TRUE
1751144581,16.27928066,180.9643614,180,-0.964361409,-5.743236641,STOP,TRUE
1751144581,16.30866861,180.7906837,180,-0.790683704,-5.682167939,STOP,TRUE
1751144581,16.33620048,180.6248719,180,-0.624871934,-5.705068702,STOP,TRUE
1751144581,16.3636992,180.4772634,180,-0.477263391,-5.117282443,STOP,TRUE
1751144581,16.39137435,180.3342011,180,-0.33420113,-5.086748092,STOP,TRUE
1751144581,16.42076111,180.1445451,180,-0.144545103,-6.865374046,STOP,TRUE
1751144581,16.45052624,180.0030973,180,-0.00309734,-4.682167939,STOP,TRUE
1751144581,16.48024726,179.8616769,180,0.13832312,-4.682167939,STOP,TRUE
1751144581,16.50959635,179.7218453,180,0.278154716,-4.651633588,STOP,TRUE
1751144581,16.53712726,179.5900707,180,0.409929345,-4.346290076,STOP,TRUE
1751144581,16.56463385,179.4729424,180,0.527057644,-4.392091603,STOP,TRUE
1751144581,16.5921452,179.3603199,180,0.639680122,-4.040946565,STOP,TRUE
1751144581,16.62134886,179.2503756,180,0.749624374,-3.911175573,STOP,TRUE
1751144581,16.65106845,179.1368108,180,0.863189182,-3.697435115,STOP,TRUE
1751144581,16.68094754,179.0239341,180,0.976065935,-3.57529771,STOP,TRUE
1751144581,16.71051097,178.9268641,180,1.073135884,-3.292854962,CW,TRUE
1751144581,16.73801517,178.857076,180,1.14292402,-1.888274809,CW,TRUE
1751144581,16.76557207,178.8202643,180,1.179735682,-0.735603053,CW,TRUE
1751144581,16.79309726,178.8174529,180,1.182547125,0.371267176,CW,TRUE
1751144581,16.82232881,178.7898455,180,1.210154532,1.42470229,CW,TRUE
1751144581,16.85208631,178.8524931,180,1.14750692,2.752946565,CW,TRUE
1751144581,16.88203597,178.9510581,180,1.048941873,3.714778626,CW,TRUE
1751144581,16.91163874,179.0766287,180,0.923371282,4.409435115,STOP,TRUE
1751144581,16.93921351,179.2105887,180,0.789411347,4.684244275,STOP,TRUE
1751144581,16.9668808,179.3385115,180,0.661488511,4.569740458,STOP,TRUE
1751144581,16.99441409,179.4548755,180,0.545124495,3.997221374,STOP,TRUE
1751144581,17.02366495,179.5672441,180,0.432755873,3.966687023,STOP,TRUE
1751144581,17.05342984,179.6790798,180,0.320920154,3.730045802,STOP,TRUE
1751144581,17.08316541,179.7889523,180,0.211047657,3.615541985,STOP,TRUE
1751144581,17.11266637,179.8932822,180,0.106717829,3.203328244,STOP,TRUE
1751144581,17.14018512,179.9859601,180,0.014039878,3.188061069,STOP,TRUE
1751144581,17.16769457,180.0661215,180,-0.066121531,2.989587786,STOP,TRUE
1751144582,17.19522381,180.1968623,180,-0.196862282,2.951419847,STOP,TRUE
1751144582,17.22435331,180.2795829,180,-0.279582938,2.577374046,STOP,TRUE
1751144582,17.25429082,180.3522549,180,-0.352254929,2.554473282,STOP,TRUE
1751144582,17.28402829,180.4191829,180,-0.419182872,2.226229008,STOP,TRUE
1751144582,17.31366897,180.4822037,180,-0.482203708,2.065923664,STOP,TRUE
1751144582,17.3411777,180.5393516,180,-0.539351601,1.829282443,STOP,TRUE
1751144582,17.36868143,180.5913429,180,-0.591342856,1.775847328,STOP,TRUE
1751144582,17.39619136,180.6380862,180,-0.638086163,1.676610687,STOP,TRUE
1751144582,17.42510819,180.6781186,180,-0.678118577,1.264396947,STOP,TRUE
1751144582,17.45488906,180.7142529,180,-0.714252859,1.126992366,STOP,TRUE
1751144582,17.48461747,180.7437241,180,-0.743724111,0.730045802,STOP,TRUE
1751144582,17.51440406,180.8270092,180,-0.827009191,0.760580153,STOP,TRUE
1751144582,17.54202652,180.8490333,180,-0.849033322,0.775847328,STOP,TRUE
1751144582,17.5695529,180.8687002,180,-0.868700239,0.470503817,STOP,TRUE
1751144582,17.59705663,180.8824934,180,-0.882493439,0.417068702,STOP,TRUE
1751144582,17.62598395,180.888714,180,-0.888713962,0.241496183,STOP,TRUE
1751144582,17.65571213,180.8906218,180,-0.890621759,-0.117282443,STOP,TRUE
1751144582,17.68544221,180.8869083,180,-0.886908323,-0.285221374,STOP,TRUE
1751144582,17.71528769,180.8718412,180,-0.871841161,-0.613465649,STOP,TRUE
1751144582,17.74280143,180.8473906,180,-0.847390594,-0.674534351,STOP,TRUE
1751144582,17.77030635,180.8227489,180,-0.822748918,-1.079114504,STOP,TRUE
1751144582,17.79782391,180.7926486,180,-0.792648558,-1.262320611,STOP,TRUE
1751144582,17.82691073,180.7541146,180,-0.754114578,-1.537129771,STOP,TRUE
1751144582,17.85672379,180.7149282,180,-0.714928204,-1.598198473,STOP,TRUE
1751144582,17.88645506,180.6691108,180,-0.669110838,-1.926442748,STOP,TRUE
1751144582,17.91619778,180.6127453,180,-0.612745327,-1.895908397,STOP,TRUE
1751144582,17.94370651,180.5504707,180,-0.5504707,-2.201251908,STOP,TRUE
1751144582,17.97123957,180.489506,180,-0.489506046,-2.590564885,STOP,TRUE
1751144582,17.99874902,180.4248999,180,-0.42489992,-2.567664122,STOP,TRUE
1751144582,18.0275867,180.3525899,180,-0.352589937,-2.582931298,STOP,TRUE
1751144582,18.05737901,180.2710803,180,-0.27108035,-2.666900763,STOP,TRUE
1751144582,18.08709884,180.1917875,180,-0.19178745,-2.735603053,STOP,TRUE
1751144582,18.11712766,180.1141773,180,-0.114177317,-2.621099237,STOP,TRUE
1751144582,18.14463806,180.0342723,180,-0.034272308,-2.590564885,STOP,TRUE
1751144582,18.17216945,179.960511,180,0.039488999,-2.651633588,STOP,TRUE
1751144583,18.19966292,179.8919171,180,0.108082875,-2.552396947,STOP,TRUE
1751144583,18.22839642,179.8255206,180,0.174479411,-2.50659542,STOP,TRUE
1751144583,18.25817776,179.7503911,180,0.249608922,-2.50659542,STOP,TRUE
1751144583,18.28790832,179.671658,180,0.328341964,-2.666900763,STOP,TRUE
1751144583,18.3176446,179.593053,180,0.406947039,-2.697435115,STOP,TRUE
1751144583,18.34514737,179.5108174,180,0.489182551,-2.57529771,STOP,TRUE
1751144583,18.37263823,179.4381052,180,0.561894846,-2.689801527,STOP,TRUE
1751144583,18.40027618,179.3625652,180,0.637434803,-2.705068702,STOP,TRUE
1751144583,18.42882133,179.2858237,180,0.714176336,-2.827206107,STOP,TRUE
1751144583,18.45853829,179.2098917,180,0.790108317,-2.697435115,STOP,TRUE
1751144583,18.488276,179.1245139,180,0.87548608,-2.697435115,STOP,TRUE
1751144583,18.51801062,179.0413446,180,0.958655363,-2.697435115,STOP,TRUE
1751144583,18.54555416,178.9584369,180,1.041563056,-2.674534351,CW,TRUE
1751144583,18.57306027,178.8938152,180,1.106184845,-1.537129771,CW,TRUE
1751144583,18.6005795,178.8656042,180,1.134395831,-0.697435115,CW,TRUE
1751144583,18.62906194,178.8636353,180,1.136364669,0.417068702,CW,TRUE
1751144583,18.65878153,178.8944158,180,1.105584154,1.646076336,CW,TRUE
1751144583,18.68862915,178.9507883,180,1.049211695,2.668977099,CW,TRUE
1751144583,18.71836281,179.034044,180,0.965955975,3.294931298,CW,TRUE
1751144583,18.74587107,179.1526615,180,0.847338547,4.226229008,STOP,TRUE
1751144583,18.77339649,179.2743267,180,0.725673328,4.279664122,STOP,TRUE
1751144583,18.80095768,179.388206,180,0.61179403,4.21859542,STOP,TRUE
1751144583,18.82936215,179.4968826,180,0.503117402,3.775847328,STOP,TRUE
1751144583,18.85910249,179.6078327,180,0.39216733,3.745312977,STOP,TRUE
1751144583,18.88883424,179.723293,180,0.276706975,3.615541985,STOP,TRUE
1751144583,18.91857243,179.8276413,180,0.172358743,3.378900763,STOP,TRUE
1751144583,18.94834638,179.9260774,180,0.073922596,3.233862595,STOP,TRUE
1751144583,18.97831988,180.0211363,180,-0.021136315,3.134625954,STOP,TRUE
1751144583,19.00806665,180.1126805,180,-0.1126805,4.798748092,STOP,TRUE
1751144583,19.03731942,180.1931984,180,-0.19319835,2.638442748,STOP,TRUE
1751144583,19.06482816,180.2681251,180,-0.268125076,2.554473282,STOP,TRUE
1751144583,19.092345,180.3339805,180,-0.333980472,2.432335878,STOP,TRUE
1751144583,19.1198597,180.3992291,180,-0.399229125,2.363633588,STOP,TRUE
1751144583,19.14914799,180.4604969,180,-0.46049694,1.913251908,STOP,TRUE
1751144583,19.17890525,180.5161332,180,-0.516133185,1.936152672,STOP,TRUE
1751144584,19.20864582,180.5619034,180,-0.561903449,1.523938931,STOP,TRUE
1751144584,19.23800516,180.6092676,180,-0.609267612,1.378900763,STOP,TRUE
1751144584,19.26562428,180.6516664,180,-0.651666386,1.333099237,STOP,TRUE
1751144584,19.29316592,180.6849998,180,-0.68499978,1.165160305,STOP,TRUE
1751144584,19.32066941,180.7128818,180,-0.712881752,2.836916031,STOP,TRUE
1751144584,19.35006118,180.7329982,180,-0.732998156,0.737679389,STOP,TRUE
1751144584,19.37979269,180.7481536,180,-0.748153586,0.325465649,STOP,TRUE
1751144584,19.40952802,180.7587377,180,-0.758737665,0.172793893,STOP,TRUE
1751144584,19.43887973,180.7613789,180,-0.761378909,0.279664122,STOP,TRUE
1751144584,19.46641731,180.7633132,180,-0.763313221,0.020122137,STOP,TRUE
1751144584,19.49392247,180.7665999,180,-0.766599931,-0.05621374,STOP,TRUE
1751144584,19.52145314,180.7608544,180,-0.760854353,-0.201251908,STOP,TRUE
1751144584,19.55098176,180.7442841,180,-0.744284144,-0.651633588,STOP,TRUE
1751144584,19.58071876,180.7240227,180,-0.724022652,-0.819572519,STOP,TRUE
1751144584,19.61044407,180.6964797,180,-0.696479654,-1.117282443,STOP,TRUE
1751144584,19.6398046,180.6578216,180,-0.657821605,-1.422625954,STOP,TRUE
1751144584,19.66731167,180.6183031,180,-0.618303119,-1.483694656,STOP,TRUE
1751144584,19.69484377,180.5774935,180,-0.577493508,-1.491328244,STOP,TRUE
1751144584,19.72234893,180.5326499,180,-0.532649907,-1.621099237,STOP,TRUE
1751144584,19.75163269,180.481108,180,-0.481107972,-1.911175573,STOP,TRUE
1751144584,19.78136158,180.4233579,180,-0.423357943,-2.063847328,STOP,TRUE
1751144584,19.81109381,180.3638094,180,-0.363809441,-2.254687023,STOP,TRUE
1751144584,19.84076595,180.2962851,180,-0.29628509,-2.247053435,STOP,TRUE
1751144584,19.86827779,180.2287621,180,-0.228762074,-2.453160305,STOP,TRUE
1751144584,19.8957777,180.1625404,180,-0.1625404,-2.758503817,STOP,TRUE
1751144584,19.92327547,180.0883663,180,-0.088366311,-2.674534351,STOP,TRUE
1751144584,19.9521966,180.0099947,180,-0.009994732,-2.934076336,STOP,TRUE
1751144584,19.98193097,179.9209102,180,0.079089766,-3.124916031,STOP,TRUE
1751144584,20.01165915,179.8252698,180,0.174730178,-3.140183206,STOP,TRUE
1751144584,20.0413909,179.7305601,180,0.269439889,-3.277587786,STOP,TRUE
1751144584,20.06890059,179.6329059,180,0.367094123,-3.086748092,STOP,TRUE
1751144584,20.09643221,179.5440143,180,0.45598569,-3.033312977,STOP,TRUE
1751144584,20.12406588,179.4557111,180,0.544288851,-3.30048855,STOP,TRUE
1751144584,20.15309501,179.3651037,180,0.63489625,-3.346290076,STOP,TRUE
1751144585,20.18281221,179.2668099,180,0.73319012,-3.376824427,STOP,TRUE
1751144585,20.21252847,179.168052,180,0.831948006,-3.346290076,STOP,TRUE
1751144585,20.2422514,179.0665769,180,0.933423085,-3.338656489,STOP,TRUE
1751144585,20.2697649,178.9707726,180,1.029227441,-3.208885496,CW,TRUE
1751144585,20.29730558,178.8916507,180,1.108349296,-2.399725191,CW,TRUE
1751144585,20.32481027,178.8426418,180,1.157358155,-1.407358779,CW,TRUE
1751144585,20.35369992,178.8232495,180,1.17675051,-0.193618321,CW,TRUE
1751144585,20.38343143,178.8346419,180,1.165358059,-0.972244275,CW,TRUE
1751144585,20.41328835,178.8851122,180,1.114887765,2.043022901,CW,TRUE
1751144585,20.44305873,178.9649976,180,1.035002407,3.126992366,CW,TRUE
1751144585,20.47056127,179.0757797,180,0.924220302,4.371267176,STOP,TRUE
1751144585,20.49808931,179.1896944,180,0.810305557,4.279664122,STOP,TRUE
1751144585,20.52559519,179.3032946,180,0.696705386,4.126992366,STOP,TRUE
1751144585,20.55429769,179.4145015,180,0.585498505,3.730045802,STOP,TRUE
1751144585,20.58402967,179.5185337,180,0.481466309,3.668977099,STOP,TRUE
1751144585,20.61381125,179.6271579,180,0.372842086,3.462870229,STOP,TRUE
1751144585,20.643538,179.7339243,180,0.266075749,3.256763359,STOP,TRUE
1751144585,20.67109489,179.831202,180,0.168798015,3.203328244,STOP,TRUE
1751144585,20.69874358,179.9152076,180,0.084792431,3.126992366,STOP,TRUE
1751144585,20.72624683,179.9418117,180,0.058188339,2.897984733,STOP,TRUE
1751144585,20.75375676,180.0189929,180,-0.018992938,2.745312977,STOP,TRUE
1751144585,20.78128338,180.0907357,180,-0.090735688,2.462870229,STOP,TRUE
1751144585,20.80880499,180.1589605,180,-0.158960472,2.49340458,STOP,TRUE
1751144585,20.83634329,180.2240008,180,-0.224000767,2.08119084,STOP,TRUE
1751144585,20.86581779,180.2808568,180,-0.280856786,1.882717557,STOP,TRUE
1751144585,20.89554882,180.3321696,180,-0.332169596,1.653709924,STOP,TRUE
1751144585,20.92529869,180.3820134,180,-0.38201337,1.546839695,STOP,TRUE
1751144585,20.95464087,180.4237154,180,-0.423715447,1.241496183,STOP,TRUE
1751144585,20.98229146,180.4541962,180,-0.454196244,1.119358779,STOP,TRUE
1751144585,21.0098021,180.47662,180,-0.476620022,0.806381679,STOP,TRUE
1751144585,21.03730345,180.5017416,180,-0.501741556,2.836916031,STOP,TRUE
1751144585,21.06672764,180.5157569,180,-0.515756909,0.600274809,STOP,TRUE
1751144585,21.09646463,180.5300317,180,-0.530031681,0.279664122,STOP,TRUE
1751144585,21.12619972,180.5388013,180,-0.538801348,0.126992366,STOP,TRUE
1751144585,21.1556344,180.5403076,180,-0.540307636,0.08119084,STOP,TRUE
1751144586,21.18314338,180.5435952,180,-0.543595219,-0.079114504,STOP,TRUE
1751144586,21.21065116,180.5321792,180,-0.532179204,-0.224152672,STOP,TRUE
1751144586,21.23815465,180.5243348,180,-0.524334757,-0.346290076,STOP,TRUE
1751144586,21.26771426,180.507145,180,-0.507145001,-0.361557252,STOP,TRUE
1751144586,21.29744864,180.4895553,180,-0.489555333,-0.91880916,STOP,TRUE
1751144586,21.32719779,180.4620112,180,-0.462011231,-0.979877863,STOP,TRUE
1751144586,21.35654473,180.4862283,180,-0.486228273,0.722412214,STOP,TRUE
1751144586,21.38405442,180.4505399,180,-0.450539919,-1.376824427,STOP,TRUE
1751144586,21.41156602,180.4086427,180,-0.408642748,-1.567664122,STOP,TRUE
1751144586,21.43908501,180.3596564,180,-0.359656398,-1.926442748,STOP,TRUE
1751144586,21.46836114,180.3077087,180,-0.307708744,-2.018045802,STOP,TRUE
1751144586,21.49814844,180.2441368,180,-0.244136792,-2.132549618,STOP,TRUE
1751144586,21.52787304,180.17903,180,-0.179030023,-2.224152672,STOP,TRUE
1751144586,21.55736446,180.1090369,180,-0.109036883,-2.392091603,STOP,TRUE
1751144586,21.58487892,180.0333683,180,-0.033368282,-2.552396947,STOP,TRUE
1751144586,21.61238647,179.9644108,180,0.035589172,-2.422625954,STOP,TRUE
1751144586,21.63988566,179.8914709,180,0.108529099,-2.674534351,STOP,TRUE
1751144586,21.66892052,179.8107869,180,0.189213148,-2.758503817,STOP,TRUE
1751144586,21.69865727,179.7219846,180,0.278015444,-3.109648855,STOP,TRUE
1751144586,21.72836018,179.629771,180,0.370228996,-3.185984733,STOP,TRUE
1751144586,21.7581265,179.535593,180,0.464406996,-3.529496183,STOP,TRUE
1751144586,21.78782654,179.4318996,180,0.568100448,-3.644,STOP,TRUE
1751144586,21.81752515,179.3209333,180,0.679066715,-3.71270229,STOP,TRUE
1751144586,21.84743166,179.2066145,180,0.793385488,-3.842473282,STOP,TRUE
1751144586,21.87495089,179.0986965,180,0.901303483,-3.758503817,STOP,TRUE
1751144586,21.90246844,178.9936358,180,1.006364166,-3.659267176,CW,TRUE
1751144586,21.92994332,178.9017666,180,1.098233448,-2.865374046,CW,TRUE
1751144586,21.95743918,178.8415071,180,1.158492912,-1.811938931,CW,TRUE
1751144586,21.98497796,178.8090654,180,1.190934552,-0.743236641,CW,TRUE
1751144586,22.01244926,178.8043705,180,1.195629473,0.340732824,CW,TRUE
1751144586,22.03991723,178.7774522,180,1.222547762,1.378900763,CW,TRUE
1751144586,22.06889558,178.8362881,180,1.163711911,2.615541985,CW,TRUE
1751144586,22.0985837,178.9329243,180,1.067075727,3.76821374,CW,TRUE
1751144586,22.1284771,179.0663731,180,0.933626898,4.814015267,STOP,TRUE
1751144586,22.15820599,179.2631121,180,0.736887936,2.966687023,STOP,TRUE
1751144587,22.18569255,179.4059477,180,0.594052259,4.638442748,STOP,TRUE
1751144587,22.2131629,179.5243997,180,0.475600271,4.333099237,STOP,TRUE
1751144587,22.24063015,179.6423676,180,0.357632364,4.447603053,STOP,TRUE
1751144587,22.26816249,179.752999,180,0.247000987,3.897984733,STOP,TRUE
1751144587,22.29563093,179.8662103,180,0.133789693,3.966687023,STOP,TRUE
1751144587,22.32309222,179.9720201,180,0.027979892,3.676610687,STOP,TRUE
1751144587,22.3505559,180.0727723,180,-0.072772329,3.539206107,STOP,TRUE
1751144587,22.37979746,180.1653814,180,-0.165381416,3.195694656,STOP,TRUE
1751144587,22.40965796,180.2640186,180,-0.264018581,3.111725191,STOP,TRUE
1751144587,22.43935537,180.3522022,180,-0.35220216,2.905618321,STOP,TRUE
1751144587,22.46870947,180.4360039,180,-0.4360039,2.882717557,STOP,TRUE
1751144587,22.49623084,180.5143029,180,-0.514302856,2.501038168,STOP,TRUE
1751144587,22.52373171,180.5815088,180,-0.581508846,2.325465649,STOP,TRUE
1751144587,22.55120158,180.6422516,180,-0.642251595,2.226229008,STOP,TRUE
1751144587,22.58037329,180.6990027,180,-0.699002749,1.913251908,STOP,TRUE
1751144587,22.61014128,180.7561769,180,-0.756176901,1.829282443,STOP,TRUE
1751144587,22.63983226,180.8031299,180,-0.803129899,1.554473282,STOP,TRUE
1751144587,22.66928387,180.8495081,180,-0.84950815,1.508671756,STOP,TRUE
1751144587,22.69693351,180.893238,180,-0.89323797,1.21859542,STOP,TRUE
1751144587,22.72444463,180.9330632,180,-0.933063151,1.226229008,STOP,TRUE
1751144587,22.75193334,180.9619656,180,-0.961965633,-1.010412214,STOP,TRUE
1751144587,22.77946162,180.9841334,180,-0.984133369,0.714778626,STOP,TRUE
1751144587,22.80696273,180.9979276,180,-0.997927644,0.478137405,STOP,TRUE
1751144587,22.83444142,181.0142231,180,-1.014223108,0.478137405,CCW,TRUE
1751144587,22.86203456,181.007854,180,-1.007853979,-0.735603053,CCW,TRUE
1751144587,22.88957429,180.9689987,180,-0.968998727,-2.102015267,CCW,TRUE
1751144587,22.91704798,180.9397169,180,-0.939716892,-3.796671756,CCW,TRUE
1751144587,22.94452453,180.8209302,180,-0.820930227,-4.880641221,CCW,TRUE
1751144587,22.97219777,180.6601349,180,-0.66013491,-6.048580153,CCW,TRUE
1751144587,22.99967957,180.4728662,180,-0.472866226,-7.124916031,CCW,TRUE
1751144587,23.0272007,180.2586313,180,-0.258631297,-8.063847328,CCW,TRUE
1751144587,23.0546639,180.0194574,180,-0.019457391,-9.018045802,STOP,TRUE
1751144587,23.08219457,179.76861,180,0.231389994,-8.972244275,STOP,TRUE
1751144587,23.10966754,179.4717025,180,0.528297541,-8.819572519,STOP,TRUE
1751144587,23.13713551,179.2306609,180,0.769339113,-10.80430534,STOP,TRUE
1751144587,23.16461015,178.9913594,180,1.008640629,-8.582931298,CW,TRUE
1751144588,23.19398189,178.7718458,180,1.228154169,-7.269954198,CW,TRUE
1751144588,23.22367501,178.583283,180,1.416716985,-5.613465649,CW,TRUE
1751144588,23.25354123,178.4414978,180,1.558502173,-4.147816794,CW,TRUE
1751144588,23.28292155,178.3402333,180,1.65976667,-2.582931298,CW,TRUE
1751144588,23.3103981,178.2742351,180,1.725764929,-1.50659542,CW,TRUE
1751144588,23.33789277,178.1925815,180,1.80741848,-0.567664122,CW,TRUE
1751144588,23.36539483,178.1937644,180,1.806235611,0.470503817,CW,TRUE
1751144588,23.39287949,178.166606,180,1.833393974,1.455236641,CW,TRUE
1751144588,23.42034721,178.2141545,180,1.785845499,2.188061069,CW,TRUE
1751144588,23.44781303,178.2908174,180,1.709182588,3.272030534,CW,TRUE
1751144588,23.47527933,178.3976691,180,1.602330902,4.42470229,CW,TRUE
1751144588,23.50276423,178.5370754,180,1.462924638,5.462870229,CW,TRUE
1751144588,23.5304997,178.7085441,180,1.291455876,6.577374046,CCW,TRUE
1751144588,23.55798006,178.8730811,180,1.126918928,5.539206107,CCW,TRUE
1751144588,23.58546591,179.0015659,180,0.99843407,4.165160305,CCW,TRUE
1751144588,23.6129868,179.0964816,180,0.903518425,4.76821374,CCW,TRUE
1751144588,23.64046907,179.1580702,180,0.841929845,1.49340458,CCW,TRUE
1751144588,23.66793799,179.1762443,180,0.823755727,-0.033312977,CCW,TRUE
1751144588,23.69622564,179.2007013,180,0.799298743,-1.491328244,CCW,TRUE
1751144588,23.72592044,179.1325511,180,0.86744892,-3.216519084,CCW,TRUE
1751144588,23.75563407,179.023021,180,0.976978994,-4.659267176,STOP,TRUE
1751144588,23.78532314,178.8804876,180,1.119512389,-4.789038168,CW,TRUE
1751144588,23.81304598,178.7595131,180,1.240486916,-3.384458015,CW,TRUE
1751144588,23.8405273,178.6790011,180,1.320998874,-2.453160305,CW,TRUE
1751144588,23.86802363,178.6367701,180,1.363229864,-1.254687023,CW,TRUE
1751144588,23.89549851,178.6196922,180,1.380307819,-0.048580153,CW,TRUE
1751144588,23.92297626,178.6336675,180,1.366332487,2.791114504,CW,TRUE
1751144588,23.95044684,178.6709257,180,1.329074287,1.875083969,CW,TRUE
1751144588,23.97791243,178.7348054,180,1.265194594,2.783480916,CW,TRUE
1751144588,24.00726128,178.8256729,180,1.1743271,3.760580153,CW,TRUE
1751144588,24.03698468,178.9598444,180,1.04015559,4.974320611,CCW,TRUE
1751144588,24.06666827,179.0829744,180,0.917025628,3.775847328,CCW,TRUE
1751144588,24.09606409,179.1648258,180,0.835174236,2.08119084,CCW,TRUE
1751144588,24.1235342,179.2042785,180,0.795721464,0.752946565,CCW,TRUE
1751144588,24.15105796,179.2004287,180,0.799571309,-0.628732824,CCW,TRUE
1751144588,24.1785717,179.1650193,180,0.834980667,-1.789038168,CCW,TRUE
1751144589,24.20610189,179.0916664,180,0.908333562,-1.109648855,CCW,TRUE
1751144589,24.23357606,178.9813298,180,1.01867023,-4.262320611,CCW,TRUE
1751144589,24.26105523,178.8981787,180,1.101821329,-5.453160305,CW,TRUE
1751144589,24.28852272,178.7102168,180,1.289783204,-4.422625954,CW,TRUE
1751144589,24.31601691,178.6040419,180,1.395958088,-3.682167939,CW,TRUE
1751144589,24.34348774,178.4686063,180,1.531393732,-2.376824427,CW,TRUE
1751144589,24.37113619,178.4172754,180,1.582724598,-1.521862595,CW,TRUE
1751144589,24.39860439,178.3922221,180,1.607777937,-0.346290076,CW,TRUE
1751144589,24.42607307,178.3992738,180,1.600726211,-1.033312977,CW,TRUE
1751144589,24.45355701,178.436312,180,1.563688042,1.798748092,CW,TRUE
1751144589,24.48102403,178.5069336,180,1.493066351,2.897984733,CW,TRUE
1751144589,24.50850391,178.6060356,180,1.393964445,3.913251908,CW,TRUE
1751144589,24.53599334,178.7334972,180,1.266502774,5.157526718,CW,TRUE
1751144589,24.56348014,178.8861825,180,1.113817477,5.707145038,CCW,TRUE
1751144589,24.59094071,179.0369714,180,0.963028565,6.684244275,CCW,TRUE
1751144589,24.62023687,179.1505313,180,0.849468737,3.165160305,CCW,TRUE
1751144589,24.65015316,179.2285146,180,0.771485436,1.844549618,CCW,TRUE
1751144589,24.67985272,179.2561737,180,0.743826251,0.203328244,CCW,TRUE
1751144589,24.70920467,179.234536,180,0.765463983,-1.269954198,CCW,TRUE
1751144589,24.7366817,179.1764893,180,0.8235107,-2.750870229,CCW,TRUE
1751144589,24.76418471,179.0765996,180,0.923400358,-4.277587786,STOP,TRUE
1751144589,24.79167628,178.9562102,180,1.043789786,-4.36919084,CW,TRUE
1751144589,24.81921268,178.8488883,180,1.151111727,-3.605832061,CW,TRUE
1751144589,24.84668779,178.714305,180,1.285695036,-2.57529771,CW,TRUE
1751144589,24.87416363,178.6546663,180,1.345333688,-1.57529771,CW,TRUE
1751144589,24.90162635,178.6212443,180,1.378755664,-1.201251908,CW,TRUE
1751144589,24.92930508,178.6099919,180,1.39000811,0.043022901,CW,TRUE
1751144589,24.95677352,178.6279834,180,1.372016649,0.852183206,CW,TRUE
1751144589,24.98424029,178.6702578,180,1.329742192,2.195694656,CW,TRUE
1751144589,25.01171756,178.7435679,180,1.256432092,3.126992366,CW,TRUE
1751144589,25.03921509,178.8487943,180,1.151205669,4.28729771,CW,TRUE
1751144589,25.06668687,178.9786524,180,1.02134762,5.447603053,CCW,TRUE
1751144589,25.09415317,179.1115288,180,0.888471229,4.256763359,CCW,TRUE
1751144589,25.12326097,179.21188,180,0.78811996,2.951419847,CCW,TRUE
1751144589,25.15295887,179.2753766,180,0.724623382,1.56210687,CCW,TRUE
1751144590,25.18265009,179.3000016,180,0.699998404,0.14989313,CCW,TRUE
1751144590,25.21239734,179.274634,180,0.725365992,-1.590564885,CCW,TRUE
1751144590,25.23987556,179.205193,180,0.794807005,-2.865374046,CCW,TRUE
1751144590,25.26738596,179.0944747,180,0.90552532,-4.521862595,STOP,TRUE
1751144590,25.29485965,178.9639077,180,1.03609229,-4.758503817,CW,TRUE
1751144590,25.32234001,178.8449371,180,1.155062876,-3.972244275,CW,TRUE
1751144590,25.34981275,178.7523529,180,1.247647056,-2.766137405,CW,TRUE
1751144590,25.37728691,178.6943966,180,1.30560337,-1.842473282,CW,TRUE
1751144590,25.40475607,178.7186475,180,1.281352494,-0.674534351,CW,TRUE
1751144590,25.43417168,178.7225615,180,1.277438537,0.371267176,CW,TRUE
1751144590,25.46388221,178.7556758,180,1.244324184,1.546839695,CW,TRUE
1751144590,25.49380207,178.814396,180,1.185604028,2.447603053,CW,TRUE
1751144590,25.52312469,178.8984285,180,1.10157154,3.462870229,CW,TRUE
1751144590,25.55058813,179.0205093,180,0.979490741,4.730045802,STOP,TRUE
1751144590,25.57807994,179.1453638,180,0.854636245,4.417068702,STOP,TRUE
1751144590,25.6055634,179.2680519,180,0.73194813,4.363633588,STOP,TRUE
